user_id,song_id,action_type
1,1,1
1,2,1
1,3,1
1,2,1
1,2,1
1,4,1
1,3,1
1,4,1
1,3,1
1,4,1
1,4,2
1,4,1
1,3,1
1,2,1
2,5,1
2,6,1
2,7,1
2,5,1
2,6,1
3,8,2
3,9,1
3,10,1
3,11,1
3,12,1
4,8,2
4,8,1
4,13,1
4,13,1
4,13,2
5,14,1
5,14,1
5,14,1
5,14,1
5,14,1
5,14,1
5,15,1
6,16,1
6,16,1
6,17,1
6,16,1
6,16,1
7,18,1
7,19,2
7,20,2
7,21,2
7,22,2
8,23,1
8,23,1
8,23,1
8,23,1
8,23,1
8,23,1
8,23,1
8,23,1
8,23,1
8,23,1
8,23,1
8,23,1
8,23,1
8,23,1
9,24,1
9,25,1
9,26,1
9,27,1
9,25,1
9,24,1
9,28,1
9,29,1
10,30,1
10,30,2
10,31,2
10,32,2
10,33,2
10,34,2
10,35,2
10,36,2
10,37,2
10,38,2
10,39,1
10,40,1
10,41,2
10,42,2
10,43,2
10,44,2
10,45,2
10,46,2
10,47,2
10,48,2
10,49,2
10,50,2
10,51,2
10,52,2
10,53,2
10,39,2
10,54,2
10,55,2
10,56,2
10,40,2
10,57,2
10,58,2
10,59,2
10,60,2
10,61,2
10,62,2
10,63,2
10,64,2
10,65,2
10,66,2
10,67,2
11,68,1
11,69,1
11,70,2
11,70,1
12,71,1
12,70,1
12,72,1
13,55,1
13,55,1
13,55,1
13,73,1
13,73,1
13,73,1
13,73,1
13,74,1
13,55,1
13,55,1
13,73,1
13,75,1
13,75,1
13,76,1
14,77,2
14,25,2
14,78,2
14,79,2
14,77,2
14,25,2
14,80,2
14,81,2
14,82,2
14,83,2
14,55,2
14,84,2
14,83,2
14,85,2
14,4,2
14,86,2
14,87,2
14,88,2
14,85,2
14,87,2
14,89,2
14,25,2
14,88,2
14,90,2
14,91,2
14,92,2
14,93,2
14,94,2
14,95,2
14,96,2
14,97,2
14,98,2
14,99,2
14,100,2
14,101,2
14,102,2
14,103,2
14,104,2
14,105,2
14,106,2
14,107,2
14,108,2
14,109,1
14,110,2
14,111,2
14,112,2
14,113,2
14,114,2
14,115,2
14,116,2
14,117,2
14,118,2
14,119,2
14,120,2
14,121,2
14,122,2
14,123,2
14,124,2
14,109,1
14,125,2
14,126,2
14,127,2
14,109,2
14,128,2
14,129,2
14,130,2
14,10,2
14,131,1
14,132,2
14,25,2
14,82,2
14,133,2
14,134,2
14,135,2
14,136,2
14,93,2
14,137,1
14,138,2
14,139,2
14,140,2
14,141,2
14,142,2
14,143,2
14,144,2
14,145,2
14,93,2
14,146,2
14,147,2
14,132,2
14,137,2
14,148,2
14,149,2
14,150,2
14,78,2
14,79,2
14,10,2
14,25,2
14,151,2
14,152,2
14,153,2
14,154,2
14,155,2
14,156,2
14,157,2
14,158,2
14,159,2
14,160,2
14,131,2
14,22,2
14,133,2
14,130,2
14,161,2
14,162,2
14,136,2
15,163,1
15,164,1
15,165,1
15,166,1
15,167,1
15,168,1
15,169,1
15,170,1
15,171,1
15,172,1
15,173,1
15,174,1
15,175,1
15,176,1
15,177,1
15,137,1
15,178,1
15,179,1
15,180,1
15,181,1
15,182,1
15,183,1
15,184,1
15,185,1
16,186,1
16,187,1
16,188,1
16,189,1
16,187,1
16,188,1
16,190,1
16,189,1
16,186,1
16,188,1
16,190,1
16,187,1
16,188,1
16,187,1
16,188,1
16,190,1
16,190,1
16,188,1
16,187,1
16,186,1
16,187,1
16,186,1
16,189,1
16,190,1
17,146,1
17,162,1
17,144,1
17,153,1
17,191,1
18,192,1
18,193,1
18,192,1
19,194,1
19,79,1
19,78,1
19,193,1
19,162,1
19,140,1
19,79,1
20,195,2
20,196,2
20,197,2
20,198,2
20,199,2
20,200,2
20,201,2
20,202,2
20,203,2
20,204,2
20,205,2
20,206,2
20,207,1
20,207,1
20,207,1
20,207,1
20,207,1
21,208,1
21,209,1
21,210,1
21,211,1
21,20,1
22,212,1
22,212,1
22,135,1
22,212,2
22,202,2
23,21,1
23,21,1
23,213,1
23,213,1
23,213,1
23,213,1
23,21,1
23,213,1
23,213,1
23,21,1
23,213,1
23,21,1
23,213,1
23,21,1
23,213,1
23,21,1
23,213,1
23,21,1
24,214,1
24,214,1
24,214,1
24,214,1
25,215,2
25,216,1
25,217,1
25,140,1
25,215,1
26,218,1
26,218,1
26,218,1
26,218,1
26,218,1
26,218,1
26,218,1
26,218,1
26,218,1
26,132,1
26,132,1
26,109,1
26,21,1
26,219,1
26,220,1
26,221,1
26,50,1
26,88,1
26,12,1
26,222,1
26,223,1
26,224,1
26,225,1
26,102,1
26,226,1
26,227,1
26,132,1
26,228,1
26,229,1
26,99,1
26,230,1
26,84,1
27,203,2
27,204,2
27,202,2
27,198,2
27,197,2
27,201,2
27,199,2
27,196,2
27,206,2
27,205,2
27,200,2
27,195,2
27,24,2
27,82,2
27,93,2
27,231,2
27,130,2
27,232,2
28,233,1
28,234,1
28,235,1
28,236,1
28,236,1
28,234,1
28,153,1
28,237,1
28,162,1
28,238,1
28,153,1
28,237,1
28,162,1
28,239,1
28,22,1
28,153,1
28,240,1
28,241,1
28,242,1
28,242,1
28,243,1
28,244,1
28,236,1
28,235,1
28,235,1
28,235,1
28,236,1
29,245,1
29,246,1
29,247,1
29,248,1
29,248,1
29,248,1
29,246,2
29,248,1
29,248,1
29,248,1
29,248,1
29,248,1
29,248,1
29,245,1
29,247,2
29,247,1
29,248,1
29,247,1
29,248,1
29,248,1
29,249,1
29,248,2
29,247,1
29,250,1
29,247,1
29,247,1
29,248,1
29,247,1
29,248,1
29,245,1
29,247,1
29,245,1
29,251,1
29,245,1
29,219,1
29,252,1
29,253,1
29,254,1
29,255,1
29,256,1
30,257,1
30,258,1
30,257,1
30,259,1
30,257,1
30,258,1
30,259,3
30,259,1
31,260,1
31,260,1
31,261,1
31,99,1
31,261,1
31,262,1
32,263,1
32,264,1
32,264,1
32,263,1
32,263,1
32,263,1
32,264,1
32,265,1
32,265,1
32,265,1
32,265,1
32,265,1
32,84,1
32,265,1
32,264,1
32,263,1
32,263,1
32,263,1
32,264,1
33,266,2
33,267,2
33,268,2
33,269,2
33,270,2
33,22,2
33,93,2
33,79,2
33,46,2
33,149,2
33,253,2
33,271,2
33,272,2
33,273,2
33,274,2
33,275,2
33,29,2
33,276,2
33,277,2
33,256,2
33,251,2
33,278,2
33,279,2
33,280,2
33,281,2
33,282,2
33,283,2
33,284,2
33,285,2
33,286,2
33,287,2
33,288,2
33,250,2
33,289,2
33,249,2
33,162,2
33,146,2
33,254,2
33,290,2
33,291,2
33,292,2
33,293,2
33,28,2
33,294,2
33,229,2
33,295,2
33,296,2
33,297,2
33,298,2
33,299,2
33,300,2
33,130,2
33,153,2
33,301,2
33,149,2
33,302,2
33,219,2
33,248,2
33,247,2
33,303,2
33,252,2
33,304,2
33,149,2
33,144,2
34,305,1
34,306,1
34,306,1
34,305,1
34,307,1
34,308,1
35,310,1
35,61,1
35,61,2
35,61,1
35,311,1
36,27,1
36,139,1
36,312,1
37,314,1
37,315,1
37,18,1
37,315,1
37,18,1
37,314,1
37,314,1
38,316,1
38,316,1
38,317,1
38,317,1
38,316,1
39,318,1
39,45,1
40,319,1
40,9,1
40,319,1
40,9,1
41,320,1
41,161,1
41,211,1
41,93,1
41,160,1
41,93,1
41,321,1
41,90,1
41,314,1
41,322,1
41,323,1
41,324,1
41,177,1
41,325,1
41,317,1
41,326,1
41,327,1
41,55,1
41,328,1
41,325,1
41,320,1
41,325,1
41,227,1
41,93,1
41,160,1
41,314,1
41,317,1
41,227,1
41,264,1
41,329,1
41,93,1
41,317,1
41,314,1
41,320,1
41,160,1
41,328,1
41,264,1
41,325,1
41,227,1
41,329,1
41,264,1
42,45,1
42,45,1
42,45,1
42,45,1
42,330,1
42,331,1
42,45,1
42,332,1
42,333,1
42,334,1
42,334,1
42,45,1
42,45,1
43,156,1
43,156,2
43,156,1
43,156,1
43,156,1
43,156,1
43,156,1
43,156,1
44,335,1
44,193,1
44,336,1
44,337,1
44,10,1
44,12,1
44,338,1
44,339,1
44,9,1
44,335,1
44,4,1
44,340,1
44,136,1
45,341,1
45,341,1
45,341,1
45,341,1
45,341,1
45,341,1
45,341,1
45,341,1
45,341,1
45,338,1
45,342,1
45,341,1
45,341,1
45,341,1
45,341,1
45,341,1
45,341,1
45,341,1
45,341,1
45,341,1
45,341,1
45,341,1
45,341,1
45,341,1
45,341,1
45,341,1
45,341,1
45,341,1
45,341,1
45,341,1
46,343,1
46,344,1
46,132,1
46,135,1
46,345,1
46,344,1
46,132,1
46,135,1
46,19,2
46,19,1
46,19,1
46,343,1
47,14,1
47,346,1
47,347,1
47,14,1
47,2,1
47,346,1
47,346,1
47,346,1
47,346,1
47,346,1
47,346,1
47,346,1
47,346,1
47,346,1
47,347,1
47,14,1
47,348,1
47,346,2
48,349,1
48,154,1
48,350,1
48,351,1
48,352,1
48,353,1
48,354,1
48,353,1
48,355,1
48,356,1
48,357,1
48,358,1
48,359,1
48,360,1
48,361,1
48,362,1
48,363,1
48,364,1
48,365,1
48,366,1
48,367,1
48,368,1
48,352,1
48,213,1
48,369,1
48,370,1
48,371,1
48,372,1
48,373,1
48,374,1
48,375,1
48,338,1
48,376,1
49,377,1
49,377,1
49,88,1
49,378,1
49,377,1
49,379,1
49,380,1
49,381,1
49,379,1
49,382,1
49,248,1
49,247,1
49,29,1
49,275,1
49,271,1
49,268,1
49,249,1
49,254,1
49,219,1
49,267,1
49,278,1
49,29,1
49,290,1
49,248,1
49,275,1
49,303,1
49,296,1
49,295,1
49,266,1
49,383,1
49,278,1
49,258,1
49,268,1
49,249,1
49,296,1
49,253,1
49,267,1
49,290,1
49,250,1
49,254,1
49,256,1
49,271,1
50,384,2
50,385,2
50,386,2
50,227,2
50,384,1
50,384,1
51,387,1
51,388,1
51,389,1
51,390,1
51,391,1
51,392,1
51,393,1
51,394,1
51,395,1
51,389,1
51,396,1
51,388,1
51,387,1
51,389,1
51,395,1
51,75,1
51,397,1
52,352,1
52,352,1
52,356,1
52,352,1
52,213,1
53,3,1
53,3,1
53,3,1
54,102,1
54,157,1
54,398,1
54,337,1
54,399,1
54,398,1
54,398,2
54,398,3
54,260,1
54,400,1
54,136,1
54,260,1
55,401,1
55,401,1
55,402,1
55,402,1
55,403,1
55,155,1
55,403,1
55,155,1
55,403,1
55,155,1
56,404,1
56,405,1
56,406,1
56,407,1
56,408,1
56,409,1
56,410,1
56,411,1
56,412,1
56,413,1
57,350,1
57,149,1
57,159,1
57,74,2
57,414,1
58,349,1
58,18,1
58,385,1
58,232,1
58,218,1
58,232,1
58,218,1
58,218,1
58,232,1
58,258,1
58,385,1
58,258,1
58,258,1
58,385,1
58,215,1
58,309,1
58,352,1
58,216,1
59,415,1
59,415,1
59,415,1
59,416,1
59,417,1
59,415,1
59,415,1
59,415,1
59,415,1
59,415,1
59,79,1
59,418,1
59,415,1
59,415,1
59,415,1
59,419,1
59,417,1
59,416,1
59,415,1
59,415,1
59,415,1
59,415,1
59,415,1
59,415,3
59,415,1
59,417,1
59,415,1
59,415,1
59,415,1
59,415,1
59,415,1
59,415,1
59,415,1
59,415,1
59,415,1
59,415,1
59,415,1
59,417,1
59,415,1
59,415,1
59,153,1
60,159,1
60,159,1
60,154,1
60,159,1
60,154,1
60,159,1
60,154,1
60,154,1
60,154,2
60,159,1
60,159,1
61,12,2
61,420,2
61,227,1
61,421,1
61,214,1
62,311,1
62,192,1
63,422,1
63,422,1
63,422,1
63,422,1
63,422,1
63,422,1
63,422,1
63,422,1
63,422,1
63,422,1
63,422,1
63,422,1
63,422,1
63,422,1
63,422,1
64,231,2
64,130,1
64,134,1
64,103,1
64,423,1
65,424,2
65,425,1
65,136,1
65,193,1
65,350,1
65,350,1
65,159,1
65,159,1
65,159,1
66,14,2
66,159,2
66,426,2
66,427,2
66,25,2
66,428,2
66,264,2
66,343,1
66,428,1
66,25,1
66,159,1
66,426,1
66,264,1
66,24,1
66,24,1
66,428,1
66,426,1
66,264,1
66,426,1
66,25,1
66,264,1
67,429,1
67,27,1
67,430,2
67,429,1
67,430,2
67,431,1
67,431,2
67,431,2
67,430,1
67,432,1
67,430,1
67,433,1
67,434,1
67,430,1
67,435,1
67,434,1
67,431,1
67,429,1
67,430,1
67,434,1
67,430,1
67,429,1
67,433,1
67,435,1
67,429,1
67,433,1
67,430,1
67,434,1
67,429,1
67,434,1
67,430,1
67,431,1
67,431,1
67,430,1
67,429,1
67,433,1
67,433,1
67,435,1
67,431,1
67,430,1
67,434,1
67,435,1
67,431,1
67,431,1
67,430,1
67,434,1
67,433,1
67,429,1
67,430,1
67,434,1
67,435,1
67,429,1
67,430,1
67,429,1
67,431,1
67,435,1
67,431,1
67,433,1
67,430,1
67,434,1
67,429,1
67,434,1
67,430,1
67,434,1
67,431,1
67,433,1
67,434,1
67,430,1
67,435,1
67,429,1
67,435,1
67,434,1
67,430,1
67,433,1
67,434,1
67,430,1
67,435,1
67,433,1
67,429,1
67,430,1
67,431,1
67,429,1
67,430,1
67,434,1
67,430,1
67,429,1
67,430,1
67,433,1
67,435,1
68,25,1
68,153,1
68,24,1
68,153,1
68,436,1
68,153,1
68,24,1
68,153,1
69,304,3
69,109,1
69,261,1
69,437,1
69,437,1
69,261,1
69,219,1
69,438,1
69,260,1
69,438,1
70,439,1
70,440,1
70,439,2
70,439,1
70,381,1
70,441,1
70,442,1
70,443,2
71,137,2
71,444,1
71,445,1
71,446,1
71,446,1
71,231,1
71,444,1
71,447,1
71,231,2
71,445,1
71,445,2
71,444,2
71,446,2
71,446,1
71,231,1
71,445,1
71,444,1
71,448,3
71,137,1
71,137,1
71,448,1
71,448,2
71,445,1
71,445,1
72,88,1
72,88,1
72,449,1
72,450,1
72,450,1
72,450,1
72,451,1
73,418,1
73,418,1
73,418,1
74,93,1
74,134,2
74,134,3
74,93,2
74,134,1
74,134,1
74,93,1
74,134,1
74,93,1
75,419,1
75,137,1
75,452,1
75,453,1
75,454,1
75,455,1
75,456,1
75,457,1
75,458,1
75,459,1
75,460,1
75,461,1
75,454,1
75,462,1
75,463,1
75,464,1
75,157,1
76,418,2
76,316,2
76,11,2
76,346,2
76,220,2
76,2,2
76,215,2
76,86,2
76,349,2
76,465,2
76,466,2
76,178,2
76,93,2
76,24,2
76,159,2
76,243,2
76,21,2
76,103,2
76,231,2
76,25,2
76,145,2
76,467,2
77,468,1
77,327,1
77,469,1
77,470,1
77,471,1
77,472,1
77,473,1
77,474,1
77,475,1
77,79,1
77,476,1
77,362,1
77,362,1
77,362,1
78,477,1
78,219,1
78,55,1
78,478,1
78,479,1
78,477,1
78,477,1
78,480,1
78,481,1
78,477,1
78,477,1
78,379,1
78,482,1
78,483,1
79,301,1
79,22,1
79,242,1
79,484,1
79,243,1
79,485,1
79,486,1
79,487,1
79,238,1
79,153,1
79,146,1
79,241,1
79,486,1
79,146,1
79,243,1
79,488,1
79,237,1
79,485,1
79,489,1
79,490,1
79,22,1
79,162,1
79,239,1
79,144,1
79,238,1
79,301,1
79,240,1
79,241,1
79,4,1
80,385,2
80,491,2
80,492,2
81,493,1
81,73,1
81,494,1
81,495,1
81,103,1
81,93,1
81,178,1
81,184,1
82,429,2
82,159,2
82,465,2
83,430,1
83,27,1
84,15,2
85,452,1
86,155,1
87,21,1
88,429,1
89,496,1
89,496,2
89,103,1
90,497,1
90,498,1
90,499,1
91,500,1
91,501,1
91,502,1
91,501,1
91,503,1
92,79,1
93,86,1
93,504,1
93,504,1
93,332,1
94,505,1
95,352,1
95,198,1
96,335,1
96,168,1
96,506,1
96,93,1
96,178,2
96,93,2
96,168,2
96,168,1
96,178,1
97,88,1
98,59,1
98,45,1
98,507,1
98,507,2
98,507,1
99,508,1
100,509,1
100,41,2
100,40,2
100,510,2
100,509,2
100,511,2
100,512,2
100,513,2
100,514,2
100,515,2
100,516,2
100,517,2
100,518,2
100,519,2
100,520,2
100,521,2
100,522,2
100,523,2
100,524,2
100,525,2
100,526,2
100,527,2
100,528,2
100,529,2
100,530,2
100,531,2
100,532,2
100,533,2
100,534,2
100,535,2
100,536,2
100,537,2
100,538,2
100,539,2
100,540,2
100,541,2
100,542,2
100,543,2
100,544,2
100,545,2
100,60,2
100,546,2
100,547,2
100,548,2
100,549,2
100,550,2
100,551,2
100,552,2
100,553,2
100,554,2
100,555,2
100,556,2
100,557,2
100,558,2
100,559,2
100,560,2
100,561,2
100,562,2
100,563,2
100,564,2
100,565,2
101,566,1
101,55,1
101,149,1
101,249,1
101,249,1
101,249,1
101,249,1
101,249,1
102,10,2
102,145,2
102,567,2
102,441,2
102,338,1
102,338,1
102,567,1
102,567,1
102,10,1
102,145,1
102,567,1
102,441,1
102,567,1
102,441,1
102,338,1
102,145,1
103,466,2
103,568,2
103,137,2
103,243,2
103,569,2
103,238,2
103,237,2
103,488,2
103,489,2
103,490,2
103,22,2
103,240,2
103,486,2
103,146,2
103,241,2
103,153,2
103,239,2
103,301,2
103,485,2
103,162,2
103,242,2
103,466,1
103,466,1
103,466,1
103,466,1
103,466,1
103,466,1
103,466,1
103,466,1
103,466,1
104,227,1
104,570,1
104,137,1
104,571,1
104,156,1
104,137,1
104,227,1
104,572,1
104,573,1
105,574,1
105,575,1
105,575,1
105,576,1
105,577,1
105,578,1
105,578,1
106,579,3
106,580,1
106,580,1
106,580,1
106,580,1
106,580,1
106,580,1
106,580,1
106,580,1
106,580,1
106,580,1
107,162,2
107,162,1
107,231,1
107,231,1
107,231,1
107,231,1
107,231,1
107,581,1
108,582,1
108,147,1
108,18,1
108,147,1
108,283,1
108,283,1
108,102,1
109,336,1
109,9,1
109,193,1
109,335,1
109,335,1
109,583,1
109,335,1
109,336,1
109,9,1
109,149,1
110,584,1
110,585,1
110,586,1
110,587,1
110,584,1
110,585,1
110,586,1
110,584,1
110,586,1
110,586,1
110,585,1
110,586,1
110,585,1
110,584,1
110,586,1
110,586,1
110,159,1
110,587,1
110,586,1
110,584,1
110,585,1
110,11,1
110,350,1
110,588,1
111,589,1
111,219,1
111,219,1
111,219,1
111,589,1
111,219,1
111,219,1
111,219,1
111,590,1
111,589,1
111,219,1
111,219,1
111,219,1
111,219,1
111,219,1
111,219,1
111,29,1
111,219,1
111,219,1
111,219,1
111,591,1
111,589,1
111,29,1
111,219,1
111,589,1
111,219,2
111,589,1
112,592,1
112,593,1
112,594,1
112,593,1
112,592,1
112,595,1
112,593,1
112,592,1
112,594,1
112,592,1
112,593,1
112,594,1
112,594,1
112,592,1
112,593,1
113,596,1
113,156,1
113,597,1
113,598,1
113,599,1
113,600,1
113,601,1
113,145,1
113,602,1
114,603,1
114,604,1
114,605,1
114,606,1
114,606,1
114,606,1
114,10,1
114,130,1
114,82,1
114,3,1
114,334,1
114,82,1
114,505,1
114,136,1
114,345,1
114,505,1
114,607,1
115,608,1
115,608,2
115,608,1
115,608,1
115,608,1
115,608,1
115,608,1
115,608,1
115,55,1
115,55,1
115,608,1
115,608,1
115,608,1
115,608,1
116,427,1
116,82,1
116,429,1
116,609,1
116,610,1
116,611,1
116,612,1
116,613,1
116,614,1
117,385,1
117,421,1
117,615,1
117,74,1
117,616,1
117,617,1
117,221,1
117,618,1
118,619,1
118,620,1
118,620,1
118,620,1
118,620,1
118,620,1
118,620,2
118,620,1
118,620,1
118,620,1
118,222,1
118,620,1
118,348,1
118,348,1
118,348,1
118,348,1
118,348,1
118,621,1
118,620,1
119,145,1
119,157,1
119,162,1
119,153,1
119,145,1
119,153,2
119,144,2
119,153,1
119,162,1
119,144,1
119,144,1
119,162,2
119,153,1
119,153,1
119,144,1
119,162,1
119,162,1
119,157,1
120,68,1
120,82,1
120,155,1
120,11,1
120,622,1
120,21,1
120,192,1
120,623,1
120,439,1
120,309,1
121,195,1
121,199,1
121,624,1
121,625,1
121,624,1
121,625,1
121,199,1
121,625,1
121,626,3
121,624,1
121,627,1
121,628,1
121,629,1
121,630,1
121,631,1
121,632,1
121,631,1
121,633,1
121,634,1
121,635,1
121,636,1
121,637,1
121,628,1
121,638,1
121,629,1
121,630,1
121,639,1
121,639,1
121,640,1
121,641,1
121,633,1
121,642,1
121,637,1
121,631,1
121,641,1
121,630,1
121,635,1
121,639,1
121,629,1
121,636,1
121,640,1
121,642,1
121,627,1
121,629,1
121,632,1
121,632,1
121,633,1
121,642,1
121,635,1
121,627,1
121,628,1
121,638,1
121,634,1
121,637,1
121,641,1
121,640,1
121,629,1
121,642,1
121,632,1
121,631,1
121,636,1
121,629,1
121,633,1
121,638,1
121,627,1
121,637,1
121,640,1
121,634,1
121,628,1
121,641,1
121,639,1
121,630,1
121,627,1
121,635,1
121,628,1
121,637,1
121,627,1
121,639,1
121,197,1
121,629,1
121,634,1
121,198,1
121,631,1
121,203,3
121,201,1
121,633,1
121,638,1
121,636,1
121,630,1
121,642,1
121,638,1
121,631,1
121,635,1
121,635,1
121,640,1
121,632,1
121,641,1
121,634,1
121,641,1
121,629,1
121,636,1
121,628,1
121,639,1
121,634,1
121,630,1
121,632,1
121,638,1
121,642,1
121,633,1
121,640,1
121,627,1
121,627,1
121,637,1
121,636,1
121,642,1
121,631,1
121,639,1
121,637,1
121,635,1
121,633,1
121,632,1
121,637,1
121,629,1
121,634,1
121,628,1
121,627,1
121,639,1
121,630,1
121,631,1
121,641,1
121,636,1
121,640,1
121,633,1
121,630,1
121,628,1
121,638,1
121,628,1
121,640,1
121,634,1
121,641,1
121,631,1
121,638,1
121,642,1
121,641,1
121,632,1
121,637,1
121,633,1
121,636,1
121,640,1
121,634,1
121,627,1
121,635,1
121,638,1
121,635,1
121,642,1
121,630,1
121,632,1
121,629,1
121,636,1
121,639,1
121,195,3
121,199,2
121,199,1
121,195,2
121,199,3
121,205,1
121,195,1
121,195,1
121,197,1
121,196,1
121,200,1
121,201,1
121,206,1
121,198,1
121,624,1
121,625,1
122,337,1
122,336,1
122,339,1
122,338,1
122,9,1
122,350,1
122,12,1
122,10,1
122,11,1
122,79,1
122,193,1
122,136,1
122,335,1
122,336,1
122,338,1
122,337,1
122,339,1
122,79,1
122,9,1
122,193,1
122,588,1
122,469,1
122,10,1
122,12,1
122,350,1
122,643,1
122,11,1
122,340,1
122,4,1
122,644,1
122,313,1
122,136,1
122,335,1
122,4,1
123,645,2
123,646,2
123,385,2
123,82,2
123,645,2
123,88,1
123,647,1
123,88,2
123,211,2
123,222,2
123,648,1
123,649,1
123,650,1
123,630,2
123,651,1
123,651,1
123,649,1
123,652,1
123,653,1
123,648,1
123,654,1
123,655,1
123,647,1
123,88,2
123,656,1
123,657,1
123,658,1
123,659,2
124,55,2
124,135,2
124,505,2
124,660,2
124,661,2
124,662,2
124,663,2
124,22,2
124,664,2
124,149,2
124,317,2
124,496,2
124,3,2
124,135,2
124,505,2
124,662,2
124,331,2
124,130,2
124,428,2
124,162,2
124,665,2
124,62,2
124,222,2
124,428,2
124,130,2
124,665,2
124,62,2
124,149,2
124,664,2
124,22,2
124,162,2
124,331,2
124,222,2
124,317,2
124,496,2
124,3,2
125,666,1
125,667,1
125,668,1
125,669,1
125,124,1
125,670,1
125,671,1
125,672,1
125,673,1
125,674,1
125,675,1
125,676,1
125,677,1
125,678,1
125,679,1
125,680,1
125,681,1
125,682,1
125,683,1
125,684,1
125,685,1
125,686,1
125,687,1
125,688,1
125,689,1
125,690,1
125,691,1
125,692,1
125,693,1
125,694,1
125,695,1
125,696,1
125,697,1
125,698,1
125,699,1
125,700,1
125,701,1
125,702,1
125,703,1
125,704,1
125,262,1
125,705,1
125,211,1
125,210,1
125,706,1
125,323,1
125,129,1
125,707,1
125,108,1
125,708,1
125,398,1
125,709,1
125,100,1
125,710,1
125,506,1
125,90,1
125,711,1
125,712,1
125,713,1
125,714,1
125,715,1
125,716,1
125,717,1
125,718,1
125,719,1
125,711,1
125,720,1
125,721,1
125,722,1
125,723,1
125,724,1
125,725,1
125,726,1
125,727,1
125,676,1
125,728,1
125,729,1
125,730,1
125,731,1
125,732,1
125,683,1
125,733,1
125,734,1
125,696,1
125,735,1
125,736,1
125,737,1
125,738,1
125,739,1
125,740,1
125,709,1
125,741,1
125,722,1
125,711,1
125,742,1
125,743,1
125,719,1
125,720,1
125,721,1
125,723,1
125,725,1
125,744,1
125,724,1
125,713,1
125,712,1
125,745,1
125,746,1
125,666,1
125,747,1
125,748,1
125,749,1
125,750,1
125,751,1
125,752,1
125,753,1
125,754,1
125,755,1
125,756,1
125,757,1
125,758,1
125,751,1
125,757,1
125,758,1
125,750,1
125,752,1
125,747,1
125,754,1
125,753,1
125,667,1
125,666,1
125,746,1
125,749,1
125,134,1
125,750,1
125,751,1
125,746,1
125,747,1
125,752,1
125,757,1
125,749,1
125,748,1
125,756,1
125,667,1
125,755,1
125,758,1
125,754,1
125,753,1
126,759,1
126,759,1
126,759,1
126,759,1
126,759,1
126,759,1
126,759,1
126,759,1
126,759,1
127,206,1
127,201,1
127,93,1
127,196,1
127,197,1
127,199,1
127,198,1
127,202,1
127,204,1
127,198,1
127,204,1
127,103,1
127,134,1
127,178,1
127,760,1
127,203,1
127,205,1
127,195,1
127,200,1
128,1,2
128,88,2
128,82,2
128,93,2
128,130,2
128,761,2
128,415,2
128,130,1
128,762,1
128,415,1
129,222,1
129,343,1
129,352,1
129,12,1
129,82,1
129,11,1
129,73,1
129,11,1
129,381,1
129,11,1
129,11,1
129,381,1
129,11,1
129,381,1
130,385,2
130,74,1
130,385,2
130,505,2
130,763,2
130,30,2
130,73,2
131,10,1
131,11,1
131,588,1
131,11,1
131,764,1
131,765,1
131,588,1
131,11,1
131,765,1
131,764,1
132,227,1
132,204,1
132,159,1
132,646,1
132,215,1
132,159,1
132,159,1
132,159,1
132,215,1
132,159,1
132,159,1
132,159,2
132,215,1
132,646,1
132,4,1
132,336,1
132,25,1
132,766,1
132,646,1
132,215,2
132,159,1
132,74,2
132,646,2
132,646,1
132,25,1
132,25,1
132,25,1
132,227,1
132,227,1
132,24,1
132,227,1
132,25,1
132,24,1
132,227,1
132,227,1
132,227,2
132,24,1
132,24,1
132,24,1
132,24,1
132,24,1
132,24,1
132,25,1
132,646,1
132,646,1
132,86,1
132,159,1
132,227,1
132,159,1
132,215,1
132,24,1
132,159,1
132,215,1
132,227,1
132,646,1
132,646,1
133,227,1
133,227,2
133,227,1
133,78,1
133,20,1
133,429,1
133,78,1
133,78,2
133,20,2
133,426,2
134,100,1
134,711,1
134,506,1
134,710,1
134,398,1
134,711,1
134,398,1
134,323,1
134,711,1
134,710,1
134,506,1
134,108,1
134,100,1
134,211,1
134,398,1
134,767,1
135,93,1
135,768,1
135,27,1
135,496,1
135,201,1
135,198,1
135,202,1
135,769,1
135,496,1
135,770,1
135,161,1
135,323,1
135,161,1
135,771,1
135,219,1
135,428,1
135,772,1
135,93,1
136,136,1
136,136,1
136,142,2
136,154,2
136,773,2
136,155,2
136,159,1
136,773,1
136,136,1
136,264,2
136,84,2
137,24,1
138,774,1
138,775,1
138,88,1
138,55,1
138,222,1
138,774,1
139,21,1
139,776,1
139,21,1
139,776,1
139,21,1
139,776,1
139,777,1
139,21,1
139,21,1
139,776,1
140,137,1
140,140,1
140,157,1
140,158,1
140,136,1
140,136,1
140,136,1
140,136,1
140,136,1
140,136,1
140,136,2
140,145,1
140,145,1
141,778,1
141,779,1
141,778,3
141,778,1
141,258,2
141,778,1
141,780,1
142,12,1
142,227,1
142,225,1
142,12,1
142,350,1
142,159,1
142,350,1
142,154,1
142,227,1
142,781,1
143,110,2
143,260,2
143,275,2
143,221,2
143,284,2
143,253,2
143,782,2
143,110,2
143,260,2
143,275,2
143,275,2
143,221,2
143,284,2
143,253,2
143,782,2
143,253,2
143,782,2
143,782,2
143,253,2
143,284,2
143,221,2
143,260,2
143,221,2
143,284,2
143,221,2
143,284,2
143,253,2
143,782,2
143,110,2
143,110,2
143,260,2
143,110,2
143,260,2
143,275,2
143,275,2
144,11,1
144,62,1
144,21,1
144,62,1
144,11,1
144,227,1
144,783,1
144,227,1
144,154,1
144,349,1
144,573,1
144,137,1
144,505,1
144,784,1
144,45,1
145,785,1
145,786,1
145,499,3
145,327,1
145,787,1
145,788,1
145,362,1
146,123,1
146,123,1
146,789,1
146,789,1
146,123,1
146,789,1
146,790,1
146,93,1
146,790,1
147,183,1
147,174,1
147,183,1
147,174,1
147,183,1
147,183,1
147,174,1
147,174,1
148,791,1
148,25,1
148,24,1
148,426,1
148,792,1
148,7936,1
149,794,1
149,794,1
149,794,1
149,795,1
149,794,1
149,770,2
149,343,1
149,794,1
149,794,1
149,766,1
149,766,1
149,766,1
149,9,1
149,766,1
150,109,1
150,82,1
150,796,1
150,256,1
150,796,1
150,222,1
150,248,1
150,256,1
150,281,1
150,292,1
150,55,1
150,303,1
150,55,1
150,256,1
150,292,1
150,248,1
150,281,1
150,303,1
150,797,2
151,499,1
151,499,1
151,499,1
151,499,1
151,68,1
151,499,1
151,499,1
151,499,1
151,499,1
151,499,1
151,798,1
151,798,1
151,798,1
151,798,1
151,798,1
152,799,1
152,800,1
152,79,1
152,313,1
152,620,1
152,801,1
152,13,1
152,10,1
152,138,1
153,159,2
153,10,2
153,11,1
153,11,1
153,11,1
153,466,1
153,159,1
153,770,1
154,79,1
154,802,1
154,802,2
154,803,2
154,804,1
154,136,1
154,803,1
154,79,1
155,805,1
155,806,1
155,807,1
155,458,1
155,808,1
155,809,1
155,810,1
155,811,1
155,812,1
155,813,1
155,814,1
155,815,1
155,816,1
155,461,1
155,817,1
155,818,1
155,819,1
155,820,1
155,821,1
155,822,1
155,454,1
155,823,1
155,824,1
155,825,1
155,826,1
155,827,1
155,828,1
155,829,1
155,830,1
155,207,1
155,453,1
155,831,1
155,832,1
155,833,1
155,834,1
155,835,1
155,836,1
155,837,1
155,455,1
155,838,1
155,839,1
155,840,1
155,457,1
155,462,1
155,841,1
155,452,1
155,460,1
155,842,1
155,840,1
155,838,1
155,843,1
155,436,1
155,839,1
155,843,1
155,436,1
155,454,1
155,822,1
155,457,1
155,812,1
155,810,1
155,811,1
155,813,1
155,821,1
155,826,1
155,825,1
155,824,1
155,828,1
155,827,1
155,829,1
155,818,1
155,819,1
155,830,1
155,207,1
155,453,1
155,831,1
155,832,1
155,833,1
155,834,1
155,811,1
155,833,1
155,834,1
155,810,1
155,819,1
155,822,1
155,821,1
155,832,1
155,454,1
155,813,1
155,812,1
155,818,1
155,830,1
155,453,1
155,831,1
155,207,1
155,805,1
155,823,1
155,824,1
155,829,1
155,826,1
155,461,1
155,825,1
155,828,1
155,827,1
155,806,1
155,827,1
155,834,1
155,828,1
155,830,1
155,829,1
155,831,1
155,453,1
155,832,1
155,833,1
155,826,1
155,207,1
155,825,1
155,824,1
155,461,1
155,806,1
155,823,1
155,815,1
155,436,1
155,830,1
155,829,1
155,828,1
155,843,1
155,838,1
155,207,1
155,816,1
155,805,1
155,842,1
155,812,1
155,457,1
155,818,1
155,821,1
155,822,1
155,810,1
155,811,1
155,813,1
155,454,1
155,825,1
155,828,1
155,827,1
155,826,1
155,460,1
155,452,1
155,829,1
155,806,1
155,805,1
155,823,1
155,207,1
155,830,1
155,832,1
155,831,1
155,453,1
155,824,1
155,819,1
155,834,1
155,833,1
155,840,1
155,839,1
155,843,1
155,835,1
155,823,1
155,815,1
155,436,1
155,838,1
155,806,1
155,805,1
155,461,1
155,816,1
155,822,1
155,821,1
155,811,1
155,818,1
155,841,1
155,809,1
155,462,1
155,833,1
155,836,1
155,806,1
155,460,1
155,842,1
155,457,1
155,812,1
155,810,1
155,455,1
155,837,1
155,817,1
155,814,1
155,824,1
155,453,1
155,825,1
155,826,1
155,832,1
155,436,1
155,831,1
155,837,1
155,455,1
155,462,1
155,808,1
155,809,1
155,841,1
155,452,1
155,838,1
155,843,1
155,820,1
155,807,1
155,458,1
155,808,1
155,813,1
155,815,1
155,816,1
155,461,1
155,819,1
155,834,1
155,805,1
155,823,1
155,836,1
155,835,1
155,840,1
155,838,1
155,839,1
155,835,1
155,806,1
155,207,1
155,823,1
155,805,1
155,814,1
155,807,1
155,817,1
155,458,1
155,820,1
155,828,1
155,827,1
155,830,1
155,829,1
155,815,1
155,843,1
155,436,1
155,840,1
155,839,1
155,461,1
155,816,1
155,454,1
155,837,1
155,835,1
155,840,1
155,817,1
155,843,1
155,814,1
155,820,1
155,436,1
155,816,1
155,815,1
155,836,1
155,455,1
155,839,1
155,838,1
155,813,1
155,811,1
155,462,1
155,452,1
155,807,1
155,810,1
155,812,1
155,842,1
155,460,1
155,809,1
155,808,1
155,457,1
155,841,1
155,458,1
155,462,1
155,841,1
155,820,1
155,814,1
155,809,1
155,808,1
155,817,1
155,842,1
155,457,1
155,460,1
155,452,1
155,455,1
155,458,1
155,836,1
155,837,1
155,807,1
155,454,1
155,821,1
155,822,1
155,831,1
155,832,1
155,824,1
155,453,1
155,825,1
155,819,1
155,818,1
155,833,1
155,834,1
155,826,1
155,827,1
155,454,1
155,822,1
155,842,1
155,818,1
155,821,1
155,841,1
155,819,1
155,812,1
155,457,1
155,460,1
155,452,1
155,811,1
155,810,1
155,813,1
155,820,1
155,807,1
155,809,1
155,837,1
155,839,1
155,455,1
155,836,1
155,840,1
155,835,1
155,462,1
155,458,1
155,808,1
155,814,1
155,817,1
155,436,1
155,834,1
155,453,1
155,805,1
155,820,1
155,808,1
155,818,1
155,840,1
155,827,1
155,837,1
155,462,1
155,454,1
155,817,1
155,835,1
155,836,1
155,831,1
155,811,1
155,830,1
155,819,1
155,841,1
155,832,1
155,809,1
155,814,1
155,843,1
155,827,1
155,836,1
155,810,1
155,833,1
155,457,1
155,825,1
155,823,1
155,460,1
155,821,1
155,831,1
155,829,1
155,454,1
155,816,1
155,826,1
155,452,1
155,461,1
155,828,1
155,815,1
155,842,1
155,458,1
155,822,1
155,839,1
155,826,1
155,835,1
155,838,1
155,839,1
155,812,1
155,813,1
155,461,1
155,814,1
155,820,1
155,837,1
155,817,1
155,808,1
155,809,1
155,836,1
155,455,1
155,839,1
155,840,1
155,835,1
155,458,1
155,807,1
155,837,1
155,455,1
155,460,1
155,809,1
155,452,1
155,841,1
155,807,1
155,820,1
155,462,1
155,808,1
155,458,1
155,842,1
155,814,1
155,817,1
155,811,1
155,813,1
155,821,1
155,818,1
155,810,1
155,812,1
155,457,1
155,842,1
155,822,1
155,454,1
155,460,1
155,452,1
155,462,1
155,841,1
155,843,1
155,838,1
155,806,1
155,815,1
155,436,1
155,827,1
155,828,1
155,829,1
155,207,1
155,830,1
155,823,1
155,805,1
155,461,1
155,816,1
155,813,1
155,824,1
155,825,1
155,822,1
155,834,1
155,833,1
155,454,1
155,832,1
155,831,1
155,818,1
155,821,1
155,819,1
155,826,1
155,453,1
155,812,1
155,452,1
155,460,1
155,842,1
155,810,1
155,811,1
155,462,1
155,841,1
155,808,1
155,809,1
155,457,1
155,807,1
155,458,1
155,207,1
155,823,1
155,827,1
155,834,1
155,819,1
155,453,1
155,831,1
155,830,1
155,829,1
155,832,1
155,833,1
155,826,1
155,828,1
155,825,1
155,824,1
155,836,1
155,455,1
155,814,1
155,820,1
155,837,1
155,817,1
155,461,1
155,816,1
155,835,1
155,836,1
155,839,1
155,840,1
155,815,1
155,436,1
155,806,1
155,805,1
155,843,1
155,838,1
155,810,1
155,458,1
155,831,1
155,455,1
155,817,1
155,814,1
155,805,1
155,836,1
155,462,1
155,808,1
155,457,1
155,835,1
155,453,1
155,822,1
155,840,1
155,207,1
155,810,1
155,811,1
155,830,1
155,807,1
155,813,1
155,839,1
155,820,1
155,835,1
155,839,1
155,454,1
155,452,1
155,814,1
155,820,1
155,819,1
155,813,1
155,812,1
155,841,1
155,837,1
155,825,1
155,805,1
155,809,1
155,825,1
155,813,1
155,454,1
155,455,1
155,816,1
155,832,1
155,833,1
155,815,1
155,818,1
155,806,1
155,807,1
155,810,1
155,814,1
155,812,1
155,825,1
155,837,1
155,460,1
155,840,1
155,807,1
155,832,1
155,460,1
155,454,1
155,828,1
155,831,1
155,820,1
155,460,1
155,813,1
155,843,1
155,833,1
155,830,1
155,806,1
155,826,1
155,840,1
155,821,1
155,837,1
155,455,1
155,832,1
155,824,1
155,453,1
155,458,1
155,823,1
155,808,1
155,822,1
155,842,1
155,835,1
155,827,1
155,460,1
155,816,1
155,828,1
155,453,1
155,810,1
155,817,1
155,816,1
155,834,1
155,436,1
155,829,1
155,825,1
155,838,1
155,819,1
155,460,1
155,813,1
155,841,1
155,821,1
155,809,1
155,814,1
155,461,1
155,458,1
155,824,1
155,818,1
155,806,1
155,458,1
155,452,1
155,836,1
155,839,1
155,824,1
155,207,1
155,827,1
155,461,1
155,810,1
155,830,1
155,831,1
155,813,1
155,834,1
155,816,1
155,452,1
155,828,1
155,822,1
155,810,1
155,207,1
155,834,1
155,808,1
155,817,1
155,826,1
155,814,1
155,836,1
155,822,1
155,457,1
155,835,1
155,824,1
155,837,1
155,828,1
155,840,1
155,819,1
155,462,1
155,839,1
155,811,1
155,835,1
155,457,1
155,452,1
155,830,1
155,833,1
155,462,1
155,815,1
155,818,1
155,821,1
155,823,1
155,436,1
155,842,1
155,837,1
155,815,1
155,458,1
155,827,1
155,819,1
155,838,1
155,826,1
155,823,1
155,809,1
155,436,1
155,807,1
155,842,1
155,809,1
155,838,1
155,207,1
155,824,1
155,834,1
155,808,1
155,841,1
155,457,1
155,809,1
155,836,1
155,843,1
155,833,1
155,825,1
155,829,1
155,830,1
155,454,1
155,808,1
155,817,1
155,453,1
155,822,1
155,840,1
156,134,2
156,844,2
156,161,2
156,103,2
156,760,2
156,760,1
156,760,1
156,760,1
156,760,1
156,760,1
156,760,1
156,760,1
156,760,1
156,760,1
157,465,1
157,441,2
157,377,2
157,75,2
157,845,2
157,381,2
157,846,2
157,847,2
157,397,2
157,443,2
157,439,2
157,497,2
157,848,2
157,849,2
157,392,2
157,850,2
157,396,2
157,851,2
157,395,2
157,852,2
157,76,2
157,439,1
157,441,1
157,439,1
157,381,1
157,439,1
157,134,1
157,231,2
157,443,1
157,11,1
157,231,1
157,76,1
157,497,1
157,75,1
157,441,1
157,392,1
157,381,1
157,439,1
157,851,1
157,443,1
157,848,1
157,396,1
157,845,1
157,853,1
157,854,1
157,855,1
158,93,1
158,93,1
158,93,1
158,93,1
158,93,1
158,93,1
158,93,1
158,93,1
158,93,1
158,93,1
158,93,1
158,93,1
158,93,1
158,93,1
158,93,1
158,93,1
158,93,1
158,93,1
158,93,1
158,93,1
158,93,1
158,93,1
158,93,1
158,93,1
158,93,1
158,93,1
158,93,1
158,93,1
158,844,1
158,179,1
158,321,1
158,93,1
158,166,1
158,172,1
158,174,1
158,165,1
158,185,1
158,161,1
158,169,1
158,175,1
158,324,1
158,423,1
158,856,1
158,182,1
158,183,1
158,177,1
158,171,1
158,173,1
158,93,1
158,93,1
158,93,1
158,93,1
158,93,1
158,93,1
158,93,1
158,93,1
158,93,1
158,93,1
158,93,1
158,93,1
158,93,1
158,93,1
158,93,1
158,93,1
158,93,1
158,93,1
158,93,1
158,93,1
158,93,1
158,93,1
158,93,1
158,93,1
158,93,1
158,93,1
158,93,1
158,93,1
158,161,1
158,167,1
158,423,1
158,172,1
158,93,1
158,103,1
158,134,1
158,844,1
158,182,1
158,174,1
158,324,1
158,166,1
158,771,1
158,170,1
158,93,1
158,93,1
158,93,1
158,93,1
158,93,1
158,93,1
158,93,1
158,93,1
158,93,1
158,93,1
158,93,1
158,93,1
158,93,1
158,93,1
158,93,1
158,93,1
158,93,1
158,93,1
158,93,1
158,93,1
158,93,1
158,93,1
158,93,1
158,93,1
158,93,1
158,93,1
158,93,1
158,93,1
158,93,1
158,93,1
158,93,1
158,93,1
158,93,1
158,93,1
158,93,1
158,93,1
158,93,1
158,93,1
158,93,1
158,93,1
158,93,1
158,93,1
158,93,1
158,93,1
158,93,1
158,93,1
158,93,1
158,93,1
158,93,1
158,93,1
158,93,1
158,93,1
158,93,1
158,93,1
158,93,1
158,93,1
158,93,1
158,93,1
158,93,1
158,93,1
158,93,1
158,93,1
158,93,1
158,93,1
158,93,1
158,93,1
158,93,1
158,93,1
158,93,1
158,93,1
158,93,1
158,93,1
158,93,1
158,93,1
158,93,1
158,93,1
158,93,1
158,93,1
158,93,1
158,93,1
158,93,1
158,93,1
158,93,1
158,93,1
158,93,1
158,93,1
158,93,1
158,93,1
158,93,1
158,93,1
158,93,1
158,93,1
158,93,1
158,93,1
158,93,1
158,93,1
158,93,1
158,93,1
158,93,1
158,93,1
158,93,1
158,93,1
158,93,1
158,93,1
158,93,1
158,93,1
158,93,1
158,93,1
158,93,1
158,93,1
158,93,1
158,93,1
158,93,1
158,93,1
158,93,1
158,93,1
158,93,1
158,93,1
158,93,1
158,93,1
158,93,1
158,93,1
158,93,1
158,93,1
158,93,1
158,93,1
158,93,1
158,93,1
158,93,1
158,93,1
158,93,1
158,93,1
158,93,1
158,93,1
158,93,1
158,93,1
158,93,1
158,93,1
158,93,1
158,93,1
158,93,1
158,93,1
158,93,1
158,93,1
158,93,1
158,93,1
158,93,1
158,93,1
158,93,1
158,93,1
158,93,1
158,93,1
158,93,1
158,93,1
158,93,1
158,93,1
158,93,1
158,93,1
158,93,1
158,93,1
158,93,1
158,93,1
158,93,1
158,93,1
158,93,1
158,93,1
158,93,1
158,93,1
158,93,1
158,93,1
158,93,1
158,93,1
158,93,1
158,93,1
158,93,1
158,93,1
158,93,1
158,93,1
158,93,1
158,93,1
158,93,1
158,93,1
158,93,1
158,93,1
158,93,1
158,93,1
158,93,1
158,93,1
158,93,1
158,93,1
158,93,1
158,93,1
158,93,1
158,93,1
158,93,1
158,93,1
158,93,1
158,93,1
158,93,1
158,93,1
158,93,1
158,93,1
158,93,1
158,93,1
158,93,1
158,93,1
158,93,1
158,93,1
158,93,1
158,93,1
158,93,1
158,93,1
158,93,1
158,93,1
158,93,1
158,93,1
158,93,1
158,93,1
158,93,1
158,93,1
158,93,1
158,93,1
158,93,1
158,93,1
158,93,1
158,93,1
158,93,1
158,93,1
158,93,1
158,93,1
158,93,1
158,93,1
158,93,1
158,93,1
158,93,1
158,93,1
158,93,1
158,93,1
158,93,1
158,93,1
158,93,1
158,93,1
158,93,1
158,93,1
158,93,1
158,93,1
158,93,1
158,93,1
158,93,1
158,93,1
158,93,1
158,93,1
158,93,1
158,93,1
158,93,1
158,93,1
158,93,1
158,93,1
158,93,1
158,93,1
158,93,1
158,93,1
158,93,1
158,93,1
158,93,1
158,93,1
158,93,1
158,93,1
158,93,1
158,93,1
158,93,1
158,93,1
158,93,1
158,93,1
158,93,1
158,93,1
158,93,1
158,93,1
158,93,1
158,93,1
158,93,1
158,93,1
158,93,1
158,93,1
158,93,1
158,93,1
158,93,1
158,93,1
158,93,1
158,93,1
158,93,1
158,93,1
158,93,1
158,93,1
158,93,1
158,93,1
158,93,1
158,93,1
158,93,1
158,93,1
158,93,1
158,93,1
158,93,1
158,93,1
158,93,1
158,93,1
158,93,1
158,93,1
158,93,1
158,93,1
158,93,1
158,93,1
158,93,1
158,93,1
158,93,1
158,93,1
159,857,1
159,87,1
159,858,1
159,859,1
159,208,1
159,332,1
159,860,1
159,1,1
159,765,1
159,566,1
159,861,1
159,862,1
159,863,1
159,864,1
159,865,1
159,866,1
159,867,1
159,868,1
159,869,1
159,870,1
159,871,1
159,872,1
159,87,1
159,332,1
159,208,1
159,858,1
159,857,1
159,873,1
159,874,1
159,130,1
159,761,1
159,88,1
159,875,1
159,876,1
159,877,1
159,860,1
159,566,1
159,765,1
159,1,1
159,762,1
160,878,2
160,205,1
160,195,1
160,197,1
160,203,1
160,198,1
160,199,1
160,204,1
160,202,1
160,201,1
160,196,1
160,206,1
160,200,1
161,301,2
161,662,2
161,143,2
161,144,2
161,131,2
161,148,2
161,142,2
161,22,2
161,877,2
161,153,2
161,146,2
161,143,1
161,143,1
161,143,1
161,143,1
161,143,1
161,143,1
161,143,1
161,143,1
161,143,1
161,143,1
161,143,1
161,143,1
161,143,1
161,143,1
161,143,1
161,143,1
161,143,1
161,143,1
161,143,1
161,143,1
161,143,1
161,143,1
161,143,1
161,143,1
161,143,1
161,143,1
161,143,1
161,143,1
161,143,1
161,143,1
161,143,1
162,879,1
162,880,1
162,881,1
162,78,1
162,881,2
162,881,3
162,882,1
162,881,1
162,78,1
162,882,1
162,881,1
162,78,2
162,881,1
163,153,1
163,153,1
163,39,1
163,883,1
163,39,1
163,39,1
163,883,1
163,153,1
163,39,1
163,153,1
163,39,1
163,39,1
163,153,1
163,153,1
163,39,1
163,153,1
163,400,1
163,39,1
163,39,2
163,39,1
163,153,1
163,153,1
163,39,1
164,349,2
164,349,2
164,349,1
164,349,1
164,349,2
164,349,2
164,349,3
165,884,1
165,885,1
165,886,1
165,887,1
165,884,2
165,888,2
165,889,2
165,890,2
165,891,2
165,892,2
165,886,2
165,893,2
165,894,2
165,887,2
165,895,2
165,896,2
165,885,2
165,897,2
165,898,2
165,899,2
165,900,2
165,901,2
165,902,2
165,903,1
165,903,1
165,245,1
165,904,1
166,661,2
166,905,2
166,421,2
166,906,2
166,907,2
166,908,2
166,192,2
166,25,2
166,909,2
166,910,2
166,911,2
167,912,2
167,913,2
167,914,2
167,915,2
167,916,2
167,917,2
167,918,2
167,919,2
167,920,2
167,921,2
167,922,2
167,102,1
167,912,1
167,917,1
167,913,1
167,915,1
167,916,1
167,50,1
167,50,1
167,50,1
167,50,1
167,50,1
167,50,1
167,102,1
167,50,1
167,50,1
167,50,1
167,50,1
167,50,1
167,50,1
167,50,1
167,50,2
167,923,1
167,923,1
167,923,1
167,924,1
167,924,1
167,923,1
167,923,1
167,923,1
167,924,1
167,924,1
167,924,1
167,924,1
167,50,1
167,102,2
167,925,2
167,925,2
167,102,1
168,153,1
168,11,1
168,153,1
168,11,1
168,340,1
168,340,1
168,11,1
168,340,1
168,153,1
169,27,1
169,926,1
169,505,1
169,157,1
169,927,1
169,93,1
169,27,1
169,88,1
169,93,1
169,88,1
169,505,1
169,27,1
170,928,1
170,344,1
170,929,1
170,334,1
170,505,1
170,929,1
170,132,1
170,334,1
170,928,1
170,929,1
170,135,1
170,334,1
170,132,1
170,344,1
170,135,1
170,334,1
170,135,1
170,132,1
170,929,1
170,344,1
170,929,1
170,928,1
170,344,1
170,929,1
170,132,1
170,928,1
170,928,1
170,930,1
170,135,1
170,132,1
170,928,1
170,344,1
170,132,1
170,929,1
170,135,1
170,334,1
170,334,1
170,102,1
170,928,1
170,261,1
170,929,1
170,344,1
170,132,1
170,135,1
171,480,1
171,931,1
171,903,1
171,932,1
171,933,1
171,479,1
171,934,1
171,933,1
171,932,1
171,931,1
171,935,1
171,933,1
171,933,1
171,903,1
171,932,1
171,480,1
171,934,1
171,903,1
171,931,1
171,903,1
171,481,1
171,933,1
171,903,1
172,936,1
172,936,1
172,936,1
172,936,1
172,393,1
172,936,1
172,936,1
172,936,1
173,937,1
173,937,1
173,937,1
173,937,1
173,937,1
173,937,1
173,937,1
174,938,1
174,939,1
174,940,1
174,941,1
174,942,1
174,943,1
174,944,1
174,945,1
174,946,1
175,947,1
175,159,1
175,159,1
175,947,1
175,947,1
175,948,1
175,14,1
175,346,1
175,2,1
175,949,1
175,401,1
176,79,1
176,62,1
176,79,1
176,950,1
176,93,1
176,24,1
176,109,1
176,79,1
176,79,1
176,79,1
177,903,1
177,222,1
177,951,1
177,222,1
177,952,1
177,953,1
177,954,1
177,955,1
177,956,1
177,222,1
177,3,1
177,957,1
177,958,1
177,959,1
177,775,1
177,960,1
177,961,1
177,962,1
177,963,1
177,964,1
177,965,1
177,966,1
177,967,1
177,605,1
177,968,1
177,969,1
177,970,1
177,971,1
177,379,1
177,972,1
177,973,1
177,974,1
177,975,1
177,976,1
177,977,1
177,978,1
177,388,1
177,222,1
177,964,1
177,222,1
177,977,1
177,979,1
177,253,1
177,952,1
177,249,1
177,254,1
177,76,1
177,850,1
177,980,1
177,972,1
177,951,1
177,379,1
177,978,1
177,962,1
177,952,1
177,951,1
177,981,1
177,974,1
177,964,1
177,972,1
177,222,1
177,3,1
177,954,1
177,605,1
177,977,1
177,775,1
177,982,1
177,953,1
177,952,1
177,219,1
177,222,3
177,388,1
177,982,1
177,972,1
177,951,1
177,954,1
177,962,1
177,962,1
177,379,1
177,962,1
177,978,1
177,952,1
177,605,1
177,952,1
177,974,1
177,775,1
177,977,1
177,972,1
177,3,1
177,953,1
178,415,1
178,194,1
178,259,1
178,415,1
178,194,1
178,194,1
178,415,1
178,259,1
178,194,1
179,983,3
179,381,3
179,439,3
179,76,3
179,443,3
179,441,3
179,149,3
179,311,3
179,505,3
179,311,3
179,76,1
179,984,1
180,218,2
180,985,2
180,15,2
180,986,2
180,985,1
180,29,1
180,290,1
180,15,1
180,29,1
180,290,2
180,29,2
180,218,1
180,15,1
180,985,1
181,159,1
181,159,1
181,24,1
181,987,1
181,24,1
181,159,1
181,159,1
181,24,1
181,24,1
181,159,1
181,24,1
182,988,1
182,989,1
182,154,1
182,989,1
182,988,1
182,988,1
182,154,1
182,989,1
182,154,1
182,989,1
182,988,1
182,154,1
182,988,1
182,154,1
182,989,1
183,972,1
183,218,1
183,258,1
183,972,1
183,218,1
183,218,1
183,218,1
183,218,1
183,218,3
183,218,1
183,78,1
183,972,1
184,990,2
184,990,1
184,439,2
184,82,2
184,30,2
184,55,2
184,505,2
184,311,2
184,766,2
184,991,2
184,12,2
184,992,2
184,990,1
184,993,1
184,396,1
184,397,1
184,392,1
184,497,1
184,845,1
184,75,1
184,851,1
184,443,1
184,441,1
184,850,1
184,848,1
184,395,1
184,847,1
184,994,1
184,995,2
184,439,1
184,381,1
184,439,1
184,76,1
184,990,1
184,990,1
184,990,1
184,990,1
184,990,1
184,381,1
184,990,1
184,990,1
184,381,1
184,439,1
184,76,1
184,441,1
184,76,1
184,439,1
184,381,1
184,76,1
184,441,1
184,439,1
184,381,1
184,76,1
184,441,1
184,439,1
184,381,1
184,76,1
184,441,1
184,439,1
184,990,1
184,990,1
184,990,1
184,990,1
184,990,1
185,996,1
185,996,1
185,996,1
185,146,1
185,22,1
185,215,1
185,277,1
185,996,1
186,93,1
186,93,1
186,93,1
186,93,1
186,93,1
186,93,1
186,93,1
186,93,1
186,93,1
187,770,1
187,770,1
187,770,1
187,770,1
187,770,1
187,770,1
187,770,1
187,770,1
187,770,1
187,55,1
188,984,1
188,997,1
188,157,1
188,937,1
188,998,1
188,496,1
188,588,1
188,428,1
188,314,1
188,55,1
188,421,1
188,466,1
189,45,1
189,999,1
189,999,2
189,102,1
189,45,2
189,102,2
189,668,1
189,76,1
189,82,1
189,999,1
189,999,1
189,999,1
189,999,1
190,337,1
190,497,1
190,439,1
190,377,1
190,845,1
190,848,1
190,845,1
190,24,1
190,497,1
190,337,1
190,82,1
190,82,1
190,82,1
190,443,1
190,377,1
190,848,1
191,1000,2
191,571,2
191,1001,1
191,1002,2
191,1003,1
191,1003,1
191,1003,1
191,1003,1
191,1003,2
191,1003,1
191,1003,1
191,1003,1
191,1003,1
191,1003,1
191,1003,1
191,1003,1
191,1003,1
191,1003,1
191,1000,1
191,1002,1
191,1003,1
191,1000,1
191,571,1
191,1003,1
191,1003,1
191,1003,1
191,1003,1
191,1000,1
191,571,1
191,1003,1
191,1003,1
191,1003,1
191,1003,1
191,1003,1
191,1000,1
191,1003,1
191,1002,1
191,1002,1
191,1000,1
191,1003,1
191,1003,1
191,1003,1
191,1003,1
191,1000,1
191,1002,1
191,1002,1
191,571,1
191,1000,1
191,1003,1
191,1002,1
191,571,1
191,1002,1
191,1003,1
192,761,1
192,761,1
192,761,1
192,761,1
192,761,1
192,761,1
192,761,1
192,761,3
192,761,1
192,761,1
192,761,1
192,761,1
193,70,1
193,70,1
193,788,1
193,573,1
193,1004,1
193,325,1
193,1005,1
193,788,1
193,70,1
193,14,1
193,325,1
193,1004,1
193,338,1
193,1006,1
193,345,1
193,1007,1
193,1008,1
194,1009,1
194,1009,1
194,1009,1
194,1009,1
194,1009,1
194,1009,1
194,1010,1
194,1009,1
194,1009,1
195,10,1
195,79,1
195,10,1
195,10,1
195,79,1
195,10,1
195,79,1
195,10,1
195,79,1
195,79,1
195,10,1
196,15,3
196,4,1
196,419,1
196,2,1
196,2,1
196,339,1
197,134,1
197,181,1
197,183,1
197,170,1
197,168,1
197,180,1
197,321,1
197,169,1
197,174,1
197,1011,1
197,771,1
197,161,1
197,175,1
197,171,1
197,856,1
197,177,1
197,165,1
197,185,1
197,790,1
197,178,1
197,423,1
197,324,1
197,844,1
197,163,1
197,173,1
197,1012,1
197,771,1
197,93,1
197,643,1
197,184,1
197,1013,1
197,164,1
197,103,1
197,182,1
197,1014,1
197,166,1
197,176,1
197,179,1
197,172,1
197,103,1
197,178,1
197,93,1
197,134,1
197,423,1
197,322,1
197,324,1
197,231,1
197,222,1
197,323,1
197,321,1
197,103,1
197,423,1
197,1015,1
197,1015,1
197,93,1
197,1016,1
197,178,1
197,134,1
197,93,1
197,177,1
197,103,1
197,423,1
197,1016,1
197,423,1
197,103,1
197,161,1
198,770,1
198,770,1
198,927,1
198,1017,1
198,770,1
198,770,1
198,1018,1
198,770,1
198,770,1
198,1018,1
198,770,1
198,770,1
198,770,1
198,770,1
198,770,1
199,132,1
199,135,1
199,350,2
199,132,1
199,135,1
199,135,2
199,345,1
199,132,2
200,1019,1
200,991,1
200,214,2
200,584,1
200,1019,1
200,277,2
200,761,1
200,1020,1
200,584,1
201,130,1
201,130,1
201,130,1
201,130,1
201,130,1
201,130,1
201,130,1
201,130,1
201,130,1
201,130,1
201,130,1
201,130,1
201,130,1
201,130,1
202,1021,1
202,1022,1
202,1023,1
202,1024,1
202,1022,1
202,1023,1
202,784,1
202,784,1
202,784,1
202,59,1
202,50,1
202,50,1
202,34,1
202,784,1
202,1021,1
202,784,1
202,1021,1
203,518,1
203,518,1
203,518,1
203,518,1
203,518,1
203,518,1
203,518,1
203,518,1
204,1025,1
205,499,1
205,427,1
205,1026,1
205,20,1
205,1027,1
205,1028,1
205,660,1
205,1029,1
205,1030,1
205,795,1
205,1031,1
205,1032,1
205,1033,1
205,1034,1
205,619,1
205,1035,1
205,1036,1
205,1037,1
205,1027,1
205,1038,1
206,1039,1
206,333,1
206,1040,2
206,159,1
206,159,1
206,188,1
206,333,1
206,988,1
206,382,1
206,188,1
206,333,1
206,333,1
206,333,1
206,188,1
206,382,2
206,382,1
206,988,1
207,1041,1
207,1042,1
207,1043,1
207,1044,1
207,1045,1
207,1046,1
207,1047,1
208,1048,1
208,787,1
208,787,3
208,343,1
208,14,1
208,264,1
209,776,1
209,776,2
209,776,1
209,1049,1
209,1049,1
209,1049,1
209,1049,1
209,1049,1
209,1049,1
210,398,1
210,709,1
210,907,1
210,907,1
210,709,1
210,907,1
210,1050,1
210,1051,1
211,24,1
211,93,1
211,93,1
211,24,1
211,24,1
211,82,1
211,343,1
212,93,1
212,93,1
212,82,2
212,93,2
212,130,2
212,505,1
213,1052,1
213,1053,1
213,1054,1
213,1053,1
213,1052,1
213,1054,1
213,1055,1
213,146,1
213,1056,1
213,1057,1
213,22,1
213,1055,1
213,146,1
213,22,1
213,146,1
213,1055,1
213,22,1
213,162,1
213,144,1
213,1053,1
213,153,1
213,22,1
214,24,1
214,494,1
214,93,1
214,495,1
214,178,1
214,184,1
214,103,1
214,134,1
215,684,1
215,1058,1
215,90,1
215,1058,1
215,100,1
215,100,1
215,711,1
215,711,1
215,100,1
215,100,1
215,708,1
215,90,1
215,707,1
216,1059,1
216,211,1
216,1059,1
216,1060,1
216,1060,1
216,1060,1
216,1060,1
216,1060,1
216,1060,1
216,1060,1
216,1060,1
216,1060,1
216,1060,1
216,1060,1
216,1060,1
216,1060,1
216,1060,1
216,1060,1
217,777,1
217,798,1
217,70,1
217,798,1
217,767,1
217,352,1
217,798,1
217,767,1
217,767,1
217,352,1
217,840,1
217,86,1
217,20,1
217,215,1
217,68,1
217,70,1
217,21,1
217,436,1
217,12,1
217,840,1
218,1061,1
218,1061,1
218,218,1
218,775,1
218,27,1
218,775,1
218,27,1
218,27,1
218,1061,1
218,90,1
218,218,1
218,149,1
218,350,1
218,350,2
218,350,1
219,109,1
219,466,1
219,466,1
219,466,1
219,907,1
219,907,1
219,907,1
219,907,1
219,907,1
219,907,1
219,907,1
219,907,1
219,907,1
219,907,1
219,907,1
219,907,1
219,907,1
219,907,1
220,1062,1
220,1063,1
220,617,1
220,1064,1
220,1065,1
220,219,1
220,1066,1
220,1067,1
220,1068,1
220,1064,1
220,480,1
220,1064,1
220,1069,1
220,1070,1
220,1067,1
220,1071,1
220,1072,1
220,480,1
220,1073,1
221,1029,1
221,85,1
221,1074,1
221,85,1
221,343,1
221,1029,1
221,85,1
221,1029,1
221,343,1
221,1074,1
221,85,1
221,343,1
221,1029,1
221,343,1
221,85,1
221,343,1
221,1029,1
221,85,1
221,1029,1
221,85,1
221,343,1
221,85,1
221,343,1
221,85,1
221,325,1
221,325,1
221,1048,1
221,159,1
221,159,1
221,1048,1
221,1048,1
221,1029,1
221,325,1
221,85,1
221,1029,1
221,343,1
221,85,1
221,1029,1
221,343,1
221,1029,1
221,343,1
221,85,1
221,85,1
221,343,1
221,1029,1
221,1029,1
221,343,1
221,85,1
221,85,1
221,343,1
221,1029,1
221,85,1
221,1029,1
221,343,1
222,1075,1
222,1076,1
222,1077,1
222,1075,1
222,1075,1
222,1076,1
222,70,1
222,1076,1
222,1077,1
222,1078,1
222,70,1
222,1078,1
222,1078,1
222,1076,1
222,70,1
222,1079,1
222,1075,1
222,1077,1
222,1079,1
222,70,1
222,1078,1
222,1075,1
222,70,1
222,1075,1
222,1077,1
222,1078,1
222,1076,1
222,1079,1
222,1078,1
223,499,1
223,1080,1
223,10,1
223,435,1
223,435,1
223,435,1
223,435,1
223,435,1
223,435,1
223,499,1
223,1081,1
223,1081,1
224,1082,2
224,1083,1
224,1084,1
224,1082,1
224,1082,1
224,1084,2
224,1083,2
224,1084,1
224,1082,1
224,9,1
224,9,1
224,134,1
224,9,2
224,12,1
224,12,1
224,12,1
224,12,1
225,340,1
225,792,1
225,426,1
225,25,1
225,136,1
225,340,1
225,25,1
225,426,1
225,792,1
225,136,1
225,352,1
225,340,1
225,352,1
225,792,1
225,25,1
225,426,1
225,136,1
225,340,1
226,1085,1
226,1085,1
226,1085,1
226,1085,1
226,214,1
226,214,1
226,214,1
226,214,1
226,1066,1
226,253,1
226,382,1
226,220,1
227,770,1
227,320,1
227,421,1
227,770,1
227,421,1
227,421,1
227,320,1
228,219,1
228,29,1
228,1086,1
228,1087,1
228,1088,1
228,603,1
228,1089,1
228,1090,1
228,219,1
228,1090,1
228,1089,1
228,271,1
228,1091,1
228,1089,1
228,1092,1
228,1071,1
228,1087,1
229,86,1
229,86,1
229,1093,1
229,13,1
229,498,1
229,13,1
229,86,1
229,588,1
229,1093,1
229,498,1
229,192,1
229,192,1
229,772,1
229,498,1
229,498,1
229,498,1
229,1093,1
229,215,1
229,192,1
229,327,1
229,776,1
229,588,1
229,11,1
230,428,1
230,428,1
230,428,1
230,428,1
230,428,1
230,428,1
230,428,1
230,428,1
230,428,1
230,428,1
230,428,1
230,428,1
230,428,1
230,428,1
230,428,1
231,221,1
231,221,1
231,221,1
231,428,1
231,221,1
231,221,1
231,221,1
231,221,1
231,1094,1
231,1095,1
231,428,1
231,428,1
231,1095,1
231,989,1
231,1094,1
231,221,1
231,428,1
231,989,1
231,1094,1
231,1095,1
231,221,1
232,1096,1
232,350,1
232,588,1
232,766,1
232,314,1
232,10,1
232,937,1
232,1097,1
232,154,1
232,937,1
232,1097,1
232,79,1
232,987,1
232,499,1
232,499,3
232,27,1
232,14,1
232,352,1
233,93,1
233,93,1
233,215,2
233,93,1
233,222,1
233,1098,2
233,93,1
233,93,1
233,93,1
233,997,2
233,427,2
233,1099,2
233,93,1
233,1100,1
233,93,1
233,93,1
233,93,1
233,343,2
233,93,1
233,93,1
233,93,1
233,93,1
233,93,1
233,93,1
233,14,2
233,194,2
233,1100,2
233,93,1
233,348,2
233,1101,2
233,1102,2
233,93,2
233,1103,2
233,222,2
233,1104,2
233,1105,2
233,1106,2
233,1107,2
233,1108,2
233,1109,2
233,156,2
233,1110,2
233,130,2
233,1111,2
233,79,2
233,138,2
233,88,1
234,1112,1
234,1113,1
234,1114,1
234,1115,1
234,1116,1
234,1117,1
234,1118,1
234,302,1
234,274,1
234,251,1
234,1119,1
234,1120,1
234,1121,1
234,1122,1
234,1123,1
235,140,1
235,315,1
235,130,1
235,82,1
235,264,1
235,499,1
235,1124,1
235,10,1
235,1125,1
235,1126,1
235,1127,1
235,227,1
235,1125,1
235,351,1
235,1128,1
235,1126,1
235,1081,1
236,202,1
236,202,1
236,202,1
236,202,1
236,20,1
236,202,1
236,227,1
236,1030,1
236,349,2
236,349,2
236,349,1
236,1030,1
236,1080,2
236,215,1
236,215,1
236,1030,1
237,100,2
237,93,2
237,90,2
237,211,2
237,108,2
237,90,2
237,93,2
237,1129,2
237,687,2
237,398,2
237,323,2
237,100,2
237,108,2
237,1130,2
238,24,1
238,24,1
238,24,1
238,24,1
238,24,1
238,24,1
239,1131,1
239,25,1
239,1131,1
239,1131,1
239,1131,1
239,1131,3
239,1131,1
239,25,1
239,791,1
239,1131,2
239,25,2
239,24,1
239,25,1
239,1131,1
239,1131,1
239,25,1
239,24,1
239,24,1
239,24,1
239,1131,1
239,25,1
240,136,1
240,136,1
240,130,1
240,130,1
240,82,1
240,135,1
240,10,1
240,136,1
240,82,1
240,132,1
240,135,1
240,10,1
240,132,1
240,82,1
240,130,1
240,10,1
240,82,1
240,10,1
240,136,1
240,136,1
240,132,1
240,130,1
240,10,1
240,135,1
240,345,1
240,149,1
241,1132,1
241,1133,1
241,1134,1
241,1135,1
241,1136,1
241,1137,1
241,1138,1
241,1139,1
241,274,1
241,1140,1
241,1141,1
241,1134,1
241,1142,1
241,1143,1
241,296,1
241,1144,1
241,1145,1
241,1146,1
241,1147,1
241,1145,1
241,1148,1
241,1136,1
241,1137,1
241,1141,1
241,296,1
241,1149,1
241,275,1
241,275,1
241,298,1
242,476,2
242,476,1
242,476,1
242,476,1
242,476,1
242,476,1
242,476,1
242,476,1
242,476,1
242,476,1
242,476,1
242,476,1
242,476,1
242,476,1
242,476,1
242,476,1
242,476,1
242,476,1
242,476,1
242,476,1
242,476,1
242,476,1
242,476,1
242,476,1
242,476,1
242,476,1
242,476,1
242,476,1
242,476,1
242,476,1
242,476,1
242,476,1
242,476,1
242,476,1
242,12,1
242,12,1
242,12,1
242,12,1
242,12,1
242,12,1
242,12,1
242,12,1
242,12,1
242,12,1
243,330,1
243,418,1
243,474,1
243,620,1
243,79,2
243,620,1
243,277,2
243,11,2
243,418,1
243,10,2
243,418,2
243,474,1
244,261,2
245,11,1
245,11,2
245,159,2
245,159,2
245,136,2
245,1150,2
245,707,2
245,883,2
245,1151,2
245,1152,2
245,672,2
245,1153,2
245,1154,2
245,210,2
245,1155,1
245,1156,2
245,1155,2
245,1157,2
245,1158,2
245,1159,2
245,398,2
245,1160,2
245,707,2
245,1161,2
246,156,1
246,1162,1
246,156,1
246,156,1
246,1162,1
246,156,1
246,1162,1
246,156,1
246,1162,1
246,156,1
246,1162,1
246,156,1
246,156,1
246,1162,1
246,156,1
246,156,2
246,1162,2
246,156,1
246,156,1
246,156,1
246,1162,1
247,24,2
247,1163,2
247,1163,2
247,24,2
247,1163,2
247,24,2
247,24,2
247,1163,2
247,1163,2
247,24,2
247,1163,2
247,24,2
247,24,2
247,1163,2
247,1163,2
247,24,2
248,427,1
248,427,1
248,427,1
248,427,1
248,427,1
248,427,1
248,427,1
248,427,1
248,427,1
248,427,1
248,427,1
248,427,1
249,1023,1
249,1024,1
249,261,1
249,1164,1
249,571,1
249,620,1
249,49,1
249,1165,1
249,1003,1
249,1166,1
249,49,1
249,49,1
249,1167,1
249,49,1
249,1167,1
249,1167,1
249,1167,1
249,49,1
249,1167,1
249,49,1
249,1167,1
249,10,1
249,1168,1
249,1167,1
250,75,1
250,851,1
250,439,1
250,76,1
250,443,1
250,381,1
250,441,1
250,849,1
250,847,1
250,848,1
250,497,1
250,845,1
250,396,1
250,395,1
250,392,1
251,1169,1
251,1169,3
251,1169,2
251,1169,1
251,197,1
251,202,1
251,198,1
251,204,1
252,860,2
252,74,2
252,765,2
252,866,2
252,606,2
252,421,2
252,385,2
252,88,2
252,566,2
252,762,2
253,1170,1
253,1171,1
253,1172,1
253,1173,1
253,1174,1
253,1175,1
253,1176,1
253,1177,1
253,1178,1
253,224,1
253,269,1
253,254,1
254,595,1
254,595,1
254,595,1
254,595,1
254,595,1
254,595,1
254,595,1
254,595,1
254,595,2
254,595,1
254,595,1
254,595,1
254,595,1
255,421,2
255,220,2
255,258,2
255,315,3
255,400,3
255,155,3
255,465,3
255,349,3
255,88,2
255,349,2
255,155,2
255,465,2
255,315,2
256,248,3
256,220,2
256,260,1
256,572,2
256,228,2
256,214,2
256,1179,2
256,290,2
256,260,2
256,1180,2
256,382,1
256,1181,1
256,29,1
256,220,1
256,220,3
257,1182,1
257,1183,1
257,1184,1
257,1185,1
257,1186,1
257,662,1
257,1187,1
257,153,1
257,1071,1
257,146,1
257,144,1
257,22,1
257,356,1
258,337,1
258,258,1
258,337,1
258,400,1
258,337,1
258,400,1
258,337,1
259,156,1
259,156,1
259,156,1
259,156,1
259,156,1
259,156,1
259,156,1
259,156,1
259,156,1
259,156,1
259,156,1
259,156,1
259,156,1
259,156,1
259,156,1
259,156,1
260,136,1
260,136,1
260,136,1
260,136,1
260,505,1
260,154,1
260,136,1
260,136,1
260,414,1
260,136,1
260,136,1
261,198,1
261,79,1
261,487,1
261,198,1
261,79,1
261,198,1
261,198,2
261,492,1
261,491,1
261,1188,1
261,780,1
261,487,1
261,487,1
261,780,1
261,1188,1
262,153,2
262,146,2
262,144,2
262,162,2
262,22,2
262,301,2
262,153,1
263,505,1
263,505,1
263,505,1
263,505,1
263,505,1
264,138,1
264,325,1
264,10,1
264,138,1
264,277,1
264,325,1
265,1189,1
265,261,1
265,1130,1
265,134,1
265,580,1
265,1130,1
265,1190,1
265,477,1
265,1191,1
265,580,1
265,580,1
265,1190,1
265,181,1
265,134,1
265,398,1
265,175,1
266,196,1
266,205,1
266,199,1
266,198,1
266,200,1
266,202,1
266,203,1
266,204,1
266,205,1
266,200,1
266,198,1
266,204,1
266,201,1
266,206,1
266,195,1
266,206,1
266,201,1
266,195,1
266,197,1
266,197,1
266,198,1
266,201,1
266,196,1
266,203,1
266,202,1
266,199,1
266,205,1
266,197,1
266,202,1
266,204,1
266,206,1
266,195,1
266,200,1
266,196,1
267,415,2
267,159,2
267,466,2
267,419,2
267,418,2
267,86,1
267,846,2
267,497,2
267,381,2
267,441,2
267,497,1
267,69,2
267,309,2
267,439,1
267,443,1
268,1192,2
268,1192,2
268,1193,1
268,444,2
268,444,2
268,1194,1
268,1195,1
268,1196,1
268,1197,1
268,1198,1
268,1199,2
268,1199,2
268,1200,1
268,1201,2
268,1201,2
268,1202,2
268,1202,2
268,25,2
268,25,2
269,1203,1
269,1203,1
269,1204,1
269,1203,1
269,188,1
269,1205,1
269,1204,1
269,1204,1
269,1204,1
269,1204,1
269,1204,1
269,1204,2
269,1204,1
269,79,1
269,1206,1
269,1206,1
269,79,1
269,1206,1
269,1206,1
269,1206,1
269,1206,1
269,1206,1
269,79,1
269,1206,1
269,79,2
269,79,1
269,79,1
269,1207,1
269,1207,1
269,1204,1
269,1204,1
269,1208,1
269,1204,1
269,1204,1
270,327,1
270,12,1
270,12,1
270,799,1
270,799,1
270,339,1
270,643,1
270,799,1
270,12,1
270,327,1
270,339,1
271,179,1
271,170,1
271,174,1
271,423,1
271,185,1
271,167,1
271,171,1
271,423,1
271,93,1
271,177,1
271,176,1
271,175,1
271,166,1
271,165,1
271,324,1
271,183,1
271,175,1
271,168,1
271,185,1
271,93,1
271,771,1
271,180,1
271,161,1
271,173,1
271,423,1
271,183,1
271,172,1
271,844,1
271,183,1
271,185,1
271,169,1
271,103,1
271,176,1
271,176,1
271,93,1
271,167,1
271,423,1
271,181,1
271,180,1
271,324,1
271,161,1
271,169,1
271,168,1
271,134,1
271,170,1
271,185,1
271,173,1
271,180,1
271,856,1
271,321,1
271,771,1
271,168,1
271,173,1
271,844,1
271,163,1
271,171,1
271,173,1
271,176,1
271,423,1
271,165,1
271,182,1
271,174,1
271,1130,1
271,134,1
271,163,1
271,170,1
271,182,1
271,1130,1
271,174,1
271,321,1
271,771,1
271,844,1
271,183,1
271,163,1
271,169,1
271,170,1
271,168,1
271,167,1
271,175,1
271,1130,1
271,134,1
271,166,1
271,103,1
271,179,1
271,172,1
271,423,1
271,321,1
271,182,1
271,166,1
271,172,1
271,181,1
271,134,1
271,183,1
271,180,1
271,856,1
271,165,1
271,93,1
271,856,1
271,134,1
271,174,1
271,165,1
271,182,1
271,1130,1
271,856,1
271,175,1
271,321,1
271,171,1
271,179,1
271,173,1
271,171,1
271,103,1
271,177,1
271,844,1
271,172,1
271,169,1
271,185,1
271,844,1
271,93,1
271,844,1
271,179,1
271,1130,1
271,174,1
271,177,1
271,176,1
271,172,1
271,165,1
271,321,1
271,171,1
271,324,1
271,321,1
271,179,1
271,771,1
271,165,1
271,168,1
271,163,1
271,183,1
271,181,1
271,185,1
271,166,1
271,856,1
271,175,1
271,169,1
271,168,1
271,93,1
271,177,1
271,175,1
271,103,1
271,181,1
271,324,1
271,182,1
271,856,1
271,173,1
271,176,1
271,170,1
271,134,1
271,179,1
271,161,1
271,93,1
271,771,1
271,172,1
271,180,1
271,324,1
271,181,1
271,103,1
271,181,1
271,166,1
271,161,1
271,177,1
271,163,1
271,324,1
271,167,1
271,771,1
271,161,1
271,180,1
271,169,1
271,171,1
271,163,1
271,1130,1
271,161,1
271,177,1
271,167,1
271,90,1
271,398,1
271,398,1
271,90,1
271,90,1
271,93,1
271,100,1
271,100,1
271,261,1
271,261,1
271,134,1
271,261,1
271,134,1
271,93,1
271,134,1
271,398,1
271,93,1
271,134,1
271,93,1
272,1209,1
272,1209,1
272,27,1
272,27,1
272,1209,1
272,27,1
272,1209,1
272,27,1
272,27,1
272,1209,1
272,1209,1
273,1210,2
273,259,2
273,1211,2
273,1212,2
273,1213,2
273,1214,2
273,1215,2
273,1216,2
273,1217,2
273,1218,2
273,1219,2
273,1220,2
273,1221,2
273,1222,2
273,1223,2
273,1224,2
273,376,2
273,81,2
273,586,2
273,1225,2
273,1226,2
273,1227,2
273,1029,2
273,1228,2
273,1229,2
273,1230,2
273,1231,2
273,1232,2
273,1233,2
273,1234,2
273,1235,2
273,1236,2
273,1237,2
273,1238,2
273,1239,2
273,154,2
273,155,2
273,1240,2
273,1241,2
273,1242,2
273,1243,2
273,1244,2
273,1245,2
273,1246,2
273,1247,2
273,1248,2
273,1249,2
273,773,2
273,1250,2
273,1251,2
273,1252,2
273,996,2
273,1253,2
274,1254,1
274,659,1
274,883,1
274,1255,1
274,1254,1
274,1256,1
274,883,1
274,1257,1
274,1255,1
274,1256,1
274,883,1
274,659,1
275,441,1
275,441,1
275,441,1
275,441,1
275,82,1
275,441,1
275,441,1
275,441,1
275,441,1
275,82,1
275,82,1
275,82,1
276,929,1
276,929,1
276,929,1
276,929,1
276,929,1
276,929,1
276,929,1
276,929,1
276,929,1
276,929,1
276,929,1
276,929,1
277,73,2
277,232,2
277,82,2
277,231,2
277,93,2
277,24,2
277,130,2
277,140,2
277,1199,2
277,315,2
278,1258,1
278,1258,1
278,598,1
278,156,1
278,598,1
278,1258,1
278,156,1
278,156,1
278,156,1
278,1258,1
278,1258,1
278,598,1
278,598,1
278,145,1
278,1258,1
278,1258,1
278,598,1
278,145,1
278,145,1
278,1258,1
278,598,1
278,1258,1
278,600,1
278,598,1
278,600,1
278,598,1
278,1259,1
278,600,1
278,600,1
278,600,1
278,600,1
278,598,1
278,145,1
278,1258,1
278,1258,1
278,1258,1
278,598,1
278,598,1
278,598,1
278,156,1
278,1258,1
278,156,1
278,598,1
278,598,1
278,156,1
278,156,1
278,598,1
278,156,1
278,1258,1
278,156,1
278,1258,1
278,1258,1
278,156,1
279,825,1
279,819,1
279,843,1
279,806,1
279,829,1
279,436,1
279,816,1
279,815,1
279,823,1
280,480,1
280,422,1
280,335,1
280,480,1
280,480,2
280,480,1
280,480,1
280,480,1
280,480,1
280,1260,1
280,480,1
280,1260,1
280,1260,1
280,1260,1
280,480,1
280,480,1
280,480,1
280,480,1
280,480,1
280,1260,1
281,1261,1
281,10,1
281,1262,1
281,10,1
281,10,1
281,10,1
281,139,1
281,1263,1
281,311,1
281,30,1
282,402,1
282,402,1
282,135,1
282,135,1
282,135,1
282,875,1
282,402,1
282,402,1
282,402,1
282,776,1
283,398,1
283,709,1
283,674,1
283,73,1
283,706,1
283,706,1
283,1264,1
283,100,1
283,676,1
283,678,1
283,211,1
283,709,1
283,1265,1
284,203,1
284,199,1
284,195,1
284,204,1
284,201,1
284,198,1
284,202,1
284,204,1
284,195,1
284,203,1
284,199,1
284,206,1
284,196,1
284,200,1
284,205,1
284,198,1
284,197,1
284,196,1
284,205,1
284,200,1
284,206,1
284,204,1
284,203,1
284,199,1
284,200,1
284,205,1
284,195,1
284,197,1
284,196,1
284,201,1
284,206,1
284,202,1
284,198,1
284,197,1
284,201,1
284,203,1
284,195,1
284,199,1
284,200,1
284,206,1
284,196,1
284,205,1
284,206,1
284,200,1
284,205,1
284,196,1
284,204,1
284,202,1
284,203,1
284,201,1
284,198,1
284,197,1
284,198,1
284,202,1
284,204,1
284,200,1
284,199,1
284,195,1
284,205,1
284,197,1
284,201,1
284,196,1
284,206,1
284,205,1
284,195,1
284,199,1
284,200,1
284,199,1
284,195,1
284,203,1
284,197,1
284,204,1
284,202,1
284,198,1
284,206,1
284,201,1
284,196,1
284,204,1
284,202,1
284,203,1
284,198,1
284,197,1
284,201,1
284,199,2
285,1266,1
285,1267,1
285,1268,1
285,156,1
285,1269,1
285,320,1
285,1270,1
285,320,1
285,1269,1
285,1271,1
285,156,1
285,1270,1
285,1271,1
285,1270,1
285,1271,1
285,1271,1
285,1272,1
285,1273,1
285,1266,1
285,1267,1
285,1272,1
285,1274,1
285,1275,1
285,1271,1
286,1276,1
286,1276,1
286,1276,1
286,402,1
286,316,1
286,1277,1
286,1277,1
286,1277,1
286,1277,1
286,1277,1
286,1277,1
286,1277,1
286,1277,1
286,1277,1
286,1277,1
286,1277,1
286,1277,1
286,1277,1
286,1277,1
286,1277,1
286,1277,1
286,1277,1
286,1277,1
286,1277,3
286,1277,1
286,1277,1
286,1277,1
286,1277,1
286,1277,1
286,1277,1
286,1277,1
286,1277,1
286,1277,1
286,1277,1
286,1277,1
286,1277,1
286,1277,1
286,1277,1
286,1277,1
286,1277,1
286,1277,1
286,1277,1
286,1277,1
286,1277,1
286,317,1
286,314,1
286,783,1
286,987,1
286,783,1
286,987,1
286,987,1
286,987,1
286,314,1
287,12,1
287,775,2
287,775,2
287,85,2
287,77,2
287,78,1
287,79,1
287,85,1
287,77,1
287,775,1
287,77,1
287,77,1
288,337,1
288,337,1
288,337,1
288,337,1
288,337,1
288,337,1
288,337,1
288,337,1
288,337,1
288,337,1
288,337,1
288,337,1
288,337,1
288,337,1
288,337,1
288,337,1
288,337,1
288,337,1
288,337,1
288,337,1
288,337,1
288,337,1
288,337,1
288,337,1
288,337,1
288,337,1
288,337,1
288,337,1
288,337,1
288,337,1
288,337,1
289,1278,1
289,776,1
289,78,1
289,1278,1
289,776,1
289,776,1
289,78,1
289,1278,1
289,78,1
289,1278,1
289,776,1
289,78,1
289,1278,1
289,776,1
289,776,1
289,78,1
289,1278,1
289,78,1
289,776,1
289,1278,1
289,1278,1
289,78,1
289,776,1
289,1278,1
289,776,1
289,78,1
290,428,1
290,428,1
290,428,1
290,1279,1
290,1279,1
290,1279,1
290,1279,1
290,428,1
290,428,1
290,428,1
290,428,1
290,428,1
290,428,1
290,428,1
290,428,1
290,428,1
290,1279,1
290,428,1
290,428,1
290,428,2
290,1279,1
290,1279,1
290,1279,1
291,156,1
291,156,1
291,156,1
291,156,1
291,156,1
291,156,1
291,156,1
291,156,1
291,156,1
291,156,1
291,156,1
291,156,1
291,156,1
291,156,1
291,156,1
291,156,1
291,156,1
291,1280,1
291,156,1
291,156,1
291,156,1
291,156,1
291,156,1
291,156,1
291,156,1
291,156,1
292,162,2
292,676,2
292,1281,2
292,776,2
292,731,2
292,79,2
292,728,2
292,733,2
292,734,2
292,726,2
292,418,2
292,729,2
292,683,2
292,738,2
292,737,2
292,775,2
292,732,2
292,153,2
292,744,2
292,130,2
292,727,2
292,730,2
292,159,1
292,467,1
292,192,1
292,710,1
292,467,1
292,467,1
292,93,1
292,467,1
292,93,1
292,467,1
292,264,1
292,20,1
293,1282,1
293,215,1
293,1283,1
293,781,1
293,1080,1
293,215,1
293,137,1
293,1282,1
293,137,1
293,781,1
293,1283,1
293,157,1
293,465,1
293,157,1
293,465,1
293,1080,1
293,623,1
293,1284,1
294,350,1
294,350,1
294,598,1
294,159,1
294,136,1
294,350,1
294,136,1
294,159,1
294,598,1
294,598,1
294,136,1
294,159,1
294,598,1
294,136,1
294,598,1
295,261,1
295,93,1
295,178,1
295,1285,1
295,102,1
295,102,1
295,1286,1
295,211,1
296,1099,1
296,1098,1
296,159,1
296,415,1
296,997,1
296,1196,1
296,1287,1
296,159,1
296,1287,1
296,466,1
296,415,1
296,466,1
296,1288,1
296,1289,1
296,1290,1
296,1291,1
296,93,1
296,1292,1
297,10,1
297,335,1
297,335,1
297,350,1
297,12,1
297,350,1
297,10,1
297,24,1
297,24,1
297,350,1
297,10,1
297,12,1
297,335,1
297,12,1
297,10,1
297,350,1
297,335,1
297,24,1
297,24,1
297,12,1
297,10,1
297,350,1
298,1293,1
298,1293,1
298,1293,1
298,1293,1
298,1293,1
298,1293,1
298,1293,1
298,1293,1
298,1293,1
298,1293,1
298,1294,1
298,1294,1
298,1294,1
298,1295,1
298,1295,1
298,1295,1
298,1295,1
298,1295,1
298,1295,1
298,1295,1
298,1296,1
298,1297,1
298,1293,1
298,935,1
298,1297,1
298,309,1
298,1295,1
298,1293,1
298,1293,1
298,1293,1
298,1293,1
298,1293,1
298,1296,1
298,1296,1
298,1293,1
298,1297,1
298,1297,1
298,1293,1
298,1298,1
298,1294,1
298,1294,1
298,1295,1
298,1297,1
298,1297,1
298,1297,1
298,1297,1
298,1294,1
298,1295,1
298,1295,1
298,1294,1
298,1294,1
298,1294,1
298,1294,1
298,1294,1
298,1296,1
298,1293,1
298,1296,1
298,1293,1
298,1297,1
298,1297,1
298,1293,1
298,1293,1
298,1297,1
298,1293,1
299,3,1
299,3,1
299,956,1
299,956,1
299,3,1
299,956,1
299,3,1
299,956,1
299,3,1
299,956,1
299,956,1
299,3,1
299,3,1
299,956,1
299,3,1
299,3,1
299,956,1
299,956,1
299,3,1
299,956,1
299,3,1
299,956,1
299,3,1
299,3,1
299,3,1
299,956,1
299,3,1
299,3,1
299,956,1
300,346,1
300,346,1
300,346,1
300,346,1
300,346,1
300,346,1
300,1299,1
300,1299,1
300,1300,1
300,1301,1
300,1302,1
300,1303,1
300,2,1
300,2,1
300,2,1
300,646,1
300,74,1
301,24,1
301,24,1
301,24,1
301,24,1
301,24,1
301,24,1
301,426,1
301,426,1
301,25,1
301,25,1
301,24,1
301,1131,1
301,426,1
301,24,2
302,82,1
302,24,1
302,130,1
302,93,1
302,159,1
302,93,1
302,130,1
302,24,1
302,82,1
302,93,1
302,82,1
302,82,1
302,159,1
302,130,1
302,24,1
302,159,1
302,93,1
302,82,1
302,130,1
302,24,1
302,159,1
302,93,1
303,993,1
303,993,1
303,993,1
303,993,1
303,993,1
303,61,2
303,1304,2
303,439,2
303,497,2
303,993,2
303,192,2
303,875,2
303,232,2
303,505,2
303,93,2
303,1305,2
303,1306,2
303,138,2
303,30,2
303,15,2
303,1307,2
303,848,2
303,1308,2
303,1309,2
303,377,2
304,328,1
304,264,1
304,328,1
304,263,1
304,1310,1
304,1311,1
304,315,1
304,465,1
304,264,1
304,927,1
304,264,1
304,1312,1
304,1286,1
304,1313,1
304,263,1
304,328,1
304,465,1
304,927,1
304,1310,1
304,137,1
304,1314,1
304,315,1
304,1311,1
304,1310,1
304,264,1
304,1312,1
304,263,1
305,598,2
305,1315,2
305,1316,2
305,602,2
305,1317,2
305,1162,2
305,1318,2
305,1319,2
305,1320,2
305,597,2
305,1321,2
305,596,2
305,601,2
305,13229,2
305,1323,2
305,1258,2
305,156,2
305,600,2
305,607,2
305,1324,2
305,1325,2
305,1326,2
305,1327,2
305,1328,2
305,1329,2
305,145,2
305,1330,2
305,424,2
305,1331,2
305,1332,2
305,1259,2
305,1333,2
305,599,2
306,1334,1
306,155,2
306,1335,1
306,155,1
306,777,1
306,1335,1
306,1335,1
306,1334,1
306,1334,1
306,1334,1
306,1335,1
306,1334,1
306,1334,1
306,1335,1
306,1335,1
306,1334,1
306,1335,1
306,1334,1
306,1335,1
306,1334,2
307,335,1
307,10,1
307,1336,1
307,1337,1
307,1337,1
307,1338,1
307,337,1
307,337,1
307,864,1
307,1,1
307,858,1
307,1339,1
307,865,1
307,55,1
307,88,1
307,869,1
307,1338,1
307,332,1
307,1340,1
307,876,1
308,1341,1
308,1342,1
308,1343,1
308,1344,1
308,1344,1
308,1345,1
308,1346,1
308,1347,1
308,1348,1
308,1349,1
308,1350,1
308,1351,1
308,1352,1
308,425,1
308,1353,1
308,1354,1
308,1355,1
308,1356,1
308,1343,1
308,1357,1
308,1358,1
308,1359,1
308,1359,1
309,1360,1
309,266,1
309,1361,2
309,1362,1
309,1362,1
309,1362,1
309,1362,1
309,1362,1
309,1362,1
309,1362,1
309,1360,1
309,1360,1
309,1360,1
309,1360,1
309,487,1
309,487,1
309,487,1
309,487,1
309,487,1
309,487,1
309,487,1
309,487,1
309,487,1
309,487,1
309,487,1
309,487,1
309,1188,2
309,487,2
309,487,1
309,487,1
309,487,1
309,780,1
309,487,1
309,487,1
309,487,1
309,487,1
309,487,1
309,487,1
309,487,1
309,487,1
309,1363,2
309,45,2
309,1364,2
309,1365,2
309,247,1
309,219,1
309,275,1
309,1366,1
309,487,1
309,487,1
309,487,1
309,487,1
309,487,1
309,487,1
309,487,1
309,487,1
309,487,1
309,487,1
309,487,1
309,487,1
309,487,1
309,487,1
309,487,1
309,487,1
309,487,1
309,487,1
309,487,1
309,487,1
309,487,1
309,487,1
309,487,1
309,487,1
309,487,1
309,487,1
309,487,1
309,487,1
309,487,1
309,487,1
309,487,1
309,487,1
309,487,1
309,487,1
309,487,1
309,487,1
309,1099,2
309,487,1
309,487,1
309,487,1
309,487,1
310,12,1
310,83,1
310,997,1
310,1030,1
310,74,1
310,1098,1
310,348,1
310,348,1
310,27,1
310,348,2
310,348,1
310,326,1
310,325,1
310,347,1
310,347,1
310,1031,1
311,1367,1
311,855,1
311,1368,1
311,1369,1
311,1370,1
311,854,1
311,1371,1
311,853,1
311,1372,1
311,1373,1
311,1374,1
311,1375,1
311,1376,1
311,1377,1
311,1378,1
311,1379,1
311,567,1
311,1380,1
311,1127,1
311,19,1
311,1381,1
311,1368,1
311,854,1
311,1370,1
311,1371,1
311,1381,1
311,1368,1
311,855,1
311,1369,1
311,1375,1
311,853,1
311,1374,1
311,1367,1
311,567,1
311,1376,1
311,1377,1
311,1381,1
311,1375,1
311,1376,1
311,1377,1
311,1374,1
311,1380,1
311,1373,1
311,1379,1
311,567,1
311,1372,1
311,1378,1
311,1127,1
312,188,1
312,188,1
312,188,1
312,188,1
312,188,1
312,188,1
312,188,1
312,188,1
312,188,1
312,188,1
312,188,1
312,188,1
312,188,1
312,188,1
312,188,1
312,188,1
312,188,1
312,188,1
312,188,1
312,188,1
312,188,1
312,188,1
312,1206,1
313,843,1
313,839,1
313,839,1
313,830,1
313,461,1
313,826,1
313,827,1
313,834,1
313,827,1
313,461,1
313,834,1
313,830,1
313,839,1
313,826,1
313,819,1
313,825,1
313,453,1
313,814,1
313,452,1
313,460,1
313,817,1
313,826,1
313,839,1
313,455,1
313,835,1
313,814,1
313,1382,1
313,453,1
313,825,1
313,819,1
313,452,1
313,460,1
313,830,1
313,461,1
313,827,1
313,834,1
313,817,1
313,460,1
313,452,1
313,817,1
313,814,1
313,826,1
313,825,1
313,819,1
313,453,1
313,453,1
313,825,1
313,826,1
313,461,1
313,827,1
313,834,1
313,830,1
313,839,1
313,817,1
313,814,1
313,827,1
313,825,1
313,834,1
313,839,1
313,826,1
313,452,1
313,460,1
313,819,1
313,453,1
313,830,1
313,461,1
313,819,1
313,452,1
313,814,1
313,460,1
313,817,1
313,839,1
314,1383,1
314,84,1
314,1384,1
314,1384,1
314,11,1
314,11,1
314,84,1
314,11,1
314,11,1
314,1384,1
314,1383,1
314,84,1
314,1383,1
314,1384,1
314,1383,1
314,84,1
314,1384,1
314,1384,3
314,1383,3
314,11,3
314,84,3
314,84,1
314,1383,1
314,1384,1
314,1384,1
314,84,1
314,1384,1
314,1383,1
314,1385,1
314,1385,1
314,11,1
314,311,1
314,88,1
315,1291,2
315,1206,2
315,21,2
315,911,2
315,1386,2
315,1097,2
315,75,1
315,851,1
315,911,1
315,1386,1
315,1097,1
315,1387,1
315,1388,1
315,27,1
316,314,1
316,314,1
316,1389,1
316,314,1
316,314,1
316,314,1
316,314,1
316,314,1
316,314,1
316,314,1
316,314,3
316,314,1
316,1390,1
316,1391,1
316,1392,1
316,991,1
316,1389,1
316,1390,1
316,159,1
317,775,1
317,775,1
317,775,1
317,775,1
317,2,1
317,346,1
317,2,1
317,347,1
317,347,2
317,346,1
317,346,1
317,1393,1
317,1393,1
317,346,1
317,2,1
317,2,1
317,1393,1
317,1393,1
317,346,1
317,2,1
317,2,1
317,2,1
317,346,1
317,1393,1
317,770,2
318,1394,1
318,252,1
318,252,1
318,1394,1
318,1395,1
318,1394,1
318,252,1
318,1396,1
318,1395,1
318,1397,1
318,1398,1
318,1394,1
318,252,1
318,1399,1
318,252,1
319,1400,2
319,1401,1
319,1402,1
319,1403,1
319,1404,2
319,192,1
319,1405,2
319,1406,1
319,1407,1
319,1408,1
319,1405,1
319,1405,1
319,1405,1
319,1405,1
319,1405,1
319,1405,1
319,1404,1
319,1405,1
319,1404,1
319,1405,1
319,1405,1
319,1407,2
319,1409,1
319,1410,1
319,441,1
319,192,1
319,1407,1
319,159,1
319,1400,1
319,1400,1
319,1404,1
319,1405,1
319,988,1
319,988,1
319,988,1
319,988,1
319,988,1
319,1405,1
319,1406,1
319,566,1
319,192,1
319,765,1
320,1411,1
320,1412,1
320,1407,1
320,1407,1
320,1412,1
320,1407,1
320,1412,1
320,1411,1
320,1413,1
320,1411,1
320,1413,1
320,1404,1
320,1412,1
320,1407,1
320,1413,1
320,1411,1
320,1412,1
320,1413,1
320,1413,1
320,1411,1
320,1413,1
320,1404,2
320,1407,2
320,1412,2
320,1411,2
320,1413,2
321,277,1
321,422,2
321,24,1
321,178,1
321,476,1
321,178,1
321,136,1
321,231,1
321,422,1
321,24,1
321,45,1
321,1167,1
321,178,1
321,1003,1
321,136,1
321,45,1
321,79,1
321,1414,1
321,1415,1
321,79,1
321,1167,1
322,1416,1
322,1417,1
322,1418,1
322,1419,1
322,1420,1
322,1421,1
322,1422,1
322,1423,1
322,1424,1
322,1425,1
322,1426,1
322,1427,1
322,1097,1
322,1428,1
322,1429,1
322,1430,1
322,1431,1
322,581,1
322,1432,1
322,1433,1
322,1434,1
322,1435,1
322,1289,1
322,1436,1
322,1437,1
322,1438,1
322,1439,1
322,1440,1
323,159,1
323,159,1
323,159,1
323,331,1
323,331,1
323,331,1
323,331,1
323,331,1
323,331,1
323,331,1
323,159,1
323,159,1
323,331,1
323,331,1
323,159,1
323,159,1
323,159,1
323,331,1
323,159,1
323,331,2
323,331,1
323,331,1
323,331,1
323,331,1
323,331,1
323,331,1
323,331,1
323,331,1
323,159,1
323,331,1
323,331,1
323,331,1
323,331,1
323,331,1
323,331,1
323,159,1
323,159,1
323,159,1
323,159,1
323,159,1
323,159,1
323,159,1
323,159,1
323,159,1
323,159,1
323,159,1
323,159,1
323,159,1
323,159,1
323,1441,1
323,159,1
323,159,1
323,159,1
323,159,1
323,159,1
323,159,1
323,159,1
323,159,1
324,1419,1
324,1442,1
324,1419,1
324,911,1
324,1097,1
324,1442,1
324,1318,1
324,782,1
324,415,1
324,1419,1
324,1437,1
324,1097,1
325,1443,1
325,1444,2
325,352,2
325,213,2
325,1445,2
325,1446,2
325,1447,2
325,353,2
325,375,2
325,1448,2
325,357,2
325,1449,2
325,1450,2
325,1451,2
325,371,2
325,368,2
325,1452,2
325,1453,2
325,1454,2
325,356,2
325,369,2
325,365,2
325,1455,2
325,1456,2
325,1457,2
325,1458,2
325,1459,2
325,1460,2
325,359,2
325,1461,2
325,1443,2
325,783,2
325,1462,2
325,1128,2
325,1463,2
325,1464,2
325,1465,2
325,374,2
325,1466,2
325,1279,2
325,1467,2
325,1468,2
325,1469,2
325,1470,2
325,587,2
325,569,2
325,1471,2
325,1472,2
325,1473,2
325,1474,2
325,1475,2
325,1476,2
325,499,2
325,1277,2
325,1477,2
325,1478,2
325,1479,2
325,1480,2
325,1186,2
325,1481,2
325,316,2
325,358,2
325,1482,2
325,1483,2
325,1484,2
325,1485,2
325,1280,2
325,1165,2
325,1486,2
325,1487,2
325,1488,2
325,1489,2
325,20,2
325,987,2
325,788,2
325,1081,2
325,1490,2
325,1491,2
325,1492,2
325,1493,2
325,1494,2
325,355,2
325,363,2
325,1495,2
325,403,2
325,344,2
325,1496,2
325,1497,2
325,361,2
325,367,2
325,372,2
325,370,2
325,1498,2
325,360,2
325,366,2
325,364,2
325,362,2
325,1499,2
325,1500,2
325,1501,2
325,1502,2
326,159,1
326,1503,1
326,474,1
326,327,1
326,336,1
326,12,1
326,4,1
326,79,1
326,1504,1
326,1505,1
326,1506,1
326,475,1
326,1507,1
326,88,1
326,220,1
327,339,1
327,350,1
327,350,1
327,469,1
327,339,1
327,339,1
327,339,1
327,469,1
327,469,1
327,339,1
327,1508,1
327,469,1
327,350,1
327,469,1
327,469,1
328,159,1
328,10,1
328,1509,2
328,1391,2
328,264,2
328,21,2
328,350,2
328,10,2
328,136,2
328,335,2
328,340,2
328,1510,2
328,159,2
328,350,3
328,1510,3
328,1391,3
328,1509,3
328,21,3
328,159,3
328,340,3
328,335,3
328,136,3
328,10,3
328,12,1
328,1391,1
328,264,3
328,350,2
328,10,2
328,136,2
328,335,2
328,340,2
328,1510,2
328,159,2
328,21,2
328,1509,2
328,1391,2
328,264,2
328,1391,1
328,1509,1
329,421,1
329,232,2
329,606,1
329,1511,1
329,606,2
329,1512,1
329,615,1
329,1511,1
329,232,1
329,1511,1
329,385,1
329,1511,1
329,232,1
329,74,2
329,1511,1
329,232,1
329,1511,1
329,1511,2
329,232,1
329,232,1
329,1511,1
329,385,2
329,421,2
329,1513,2
329,1514,2
329,1515,2
329,1516,2
329,1517,2
329,1518,2
329,1519,2
329,1520,2
330,1521,1
330,1522,1
330,1523,1
330,1524,1
330,1525,1
330,1526,1
330,1527,1
330,1528,1
330,1529,1
330,1530,1
330,1531,1
330,1532,1
330,1533,1
330,1534,1
330,1535,1
330,1536,1
330,1524,1
330,1523,1
330,1526,1
330,1525,1
330,1527,1
330,1531,1
330,1533,1
330,1521,1
330,1522,1
330,1529,1
330,1528,1
330,1532,1
330,1537,1
330,1534,1
330,1535,1
330,1536,1
330,1523,1
330,1526,1
330,1525,1
330,1524,1
330,1536,1
330,1535,1
330,1534,1
330,1533,1
330,1530,1
330,1522,1
330,1537,1
330,1531,1
330,1532,1
330,1521,1
330,1527,1
330,1537,1
330,1532,1
330,1531,1
330,199,3
330,199,2
330,1529,1
330,1530,1
330,1528,1
330,1533,1
330,1521,1
330,1522,1
330,1525,1
330,1527,1
330,1521,1
330,1524,1
330,1523,1
330,1526,1
330,1533,1
330,1530,1
330,1522,1
330,1529,1
330,1537,1
330,1528,1
330,1534,1
330,1536,1
330,1535,1
330,1531,1
330,1537,1
330,1532,1
330,1524,1
330,1536,1
330,1534,1
330,1533,1
330,1535,1
330,1525,1
330,1527,1
330,1526,1
330,1526,1
330,1523,1
330,1523,1
330,1530,1
330,1529,1
330,1528,1
330,1530,1
330,1528,1
330,1522,1
330,1525,1
330,1521,1
330,1527,1
330,1531,1
330,1532,1
330,1537,1
330,1529,1
331,775,1
331,775,1
331,775,1
331,316,1
331,316,1
331,775,1
331,775,1
331,775,1
331,775,1
331,775,1
331,775,1
331,775,1
331,775,1
331,775,1
331,775,1
331,775,1
331,775,1
331,775,1
331,316,1
331,775,1
331,775,1
331,775,1
331,775,1
331,775,1
331,775,1
331,775,1
331,775,1
331,775,1
331,316,1
331,775,1
331,775,1
331,775,1
331,775,1
331,775,1
331,775,1
331,775,1
331,775,1
331,775,1
331,775,1
331,775,1
331,775,1
331,775,1
331,775,1
331,775,1
331,775,1
331,775,1
331,499,1
331,316,1
331,316,1
331,316,1
331,316,1
331,775,1
332,3,1
332,3,1
332,3,1
332,3,1
332,3,1
332,3,1
332,3,1
332,3,1
332,3,1
332,3,1
332,3,1
332,3,1
332,3,1
332,3,1
332,3,1
332,3,1
332,3,1
332,3,1
332,3,1
332,3,1
332,3,1
332,3,1
332,3,1
332,3,1
332,3,1
332,3,1
332,3,1
332,3,1
332,3,1
332,3,1
332,3,1
332,3,1
332,3,1
332,3,1
332,3,1
332,3,1
332,3,1
332,3,1
332,3,1
332,3,1
332,3,1
332,3,1
332,3,1
332,3,1
332,3,1
332,3,1
332,3,1
332,3,1
332,3,1
332,3,1
332,3,1
332,3,1
332,3,1
332,3,1
332,3,1
332,3,1
332,3,1
332,3,1
332,3,1
332,3,1
332,3,1
332,3,1
332,3,1
332,3,1
332,3,1
332,3,1
332,3,1
332,3,1
332,3,1
332,3,1
332,3,1
332,3,1
332,3,1
332,3,1
332,3,1
332,3,1
332,3,1
332,3,1
332,3,1
332,3,1
332,3,1
332,3,1
332,3,1
332,3,1
332,3,1
332,3,1
332,3,1
332,3,1
332,3,1
332,3,1
332,3,1
332,3,1
332,3,1
332,3,1
332,3,1
332,3,1
332,3,1
332,3,1
332,3,1
332,3,1
332,3,1
332,3,1
332,3,1
332,3,1
332,3,1
332,3,1
332,3,1
332,3,1
332,3,1
332,3,1
332,3,1
332,3,1
332,3,1
332,3,1
332,3,1
332,3,1
332,3,1
332,3,1
332,3,1
332,3,1
332,3,1
332,3,1
332,3,1
332,3,1
332,3,1
332,3,1
332,3,1
332,3,1
332,3,1
332,3,1
332,3,1
332,3,1
332,3,1
332,3,1
332,3,1
332,3,1
332,3,1
332,3,1
332,3,1
332,3,1
332,3,1
332,3,1
332,3,1
332,3,1
332,3,1
332,3,1
332,3,1
332,3,1
332,3,1
332,3,1
332,3,1
332,3,1
332,3,1
332,3,1
332,3,1
332,3,1
332,3,1
332,3,1
332,3,1
332,3,1
332,3,1
332,3,1
332,3,1
332,3,1
332,3,1
332,3,1
332,3,1
332,3,1
332,3,1
332,3,1
332,3,1
332,3,1
332,3,1
332,3,1
332,3,1
332,3,1
332,3,1
332,3,1
332,3,1
332,3,1
332,3,1
332,3,1
332,3,1
332,3,1
332,3,1
332,3,1
332,3,1
332,3,1
332,3,1
332,3,1
332,3,1
332,3,1
332,3,1
332,3,1
332,3,1
332,3,1
332,3,1
332,3,1
332,3,1
332,3,1
332,3,1
332,3,1
332,3,1
332,3,1
332,3,1
332,3,1
332,3,1
332,3,1
332,3,1
332,3,1
332,3,1
332,3,1
332,3,1
332,3,1
332,3,1
332,3,1
332,3,1
332,3,1
332,3,1
332,3,1
332,3,1
332,3,1
332,3,1
332,3,1
332,3,1
332,3,1
332,3,1
332,3,1
332,3,1
332,3,1
332,3,1
332,3,1
332,3,1
332,3,1
332,3,1
332,3,1
333,1488,2
333,1486,2
333,1479,2
333,1457,2
333,1497,2
333,1491,2
333,1475,2
333,1081,2
333,499,2
333,1489,2
333,1471,2
333,1490,2
333,1496,2
333,1165,2
333,569,2
333,1502,2
333,1186,2
333,1501,2
333,20,2
333,1280,2
334,1538,1
334,291,1
334,989,1
334,582,1
334,1539,1
334,1176,1
334,291,1
334,1538,1
334,286,1
334,915,1
334,1540,1
334,1541,1
334,1176,1
334,1176,1
334,1176,1
334,1538,1
334,288,1
334,276,1
334,293,1
334,1541,1
334,1176,1
334,1542,1
334,273,1
334,989,1
334,1176,1
334,1541,1
334,1541,1
334,1176,1
334,1538,1
334,293,1
334,276,1
334,273,1
334,1176,1
334,1541,1
334,293,1
334,286,1
334,1540,1
334,1542,1
334,273,1
334,1541,1
334,293,1
334,276,1
334,288,1
334,1176,1
334,1094,1
334,291,1
334,286,1
334,915,1
334,1539,1
334,1538,1
334,286,1
334,1540,1
334,1538,1
334,288,1
334,291,1
334,291,1
334,1094,1
334,915,1
334,1539,1
334,1538,1
334,1541,1
334,286,1
334,291,1
334,1094,1
334,915,1
334,291,1
334,286,1
334,1540,1
334,1539,1
334,1538,1
334,288,1
334,276,1
334,293,1
334,1541,1
334,1176,1
334,989,1
334,273,1
334,1542,1
334,302,1
334,1176,1
334,1541,1
334,293,1
334,276,1
334,288,1
334,1538,1
334,1539,1
334,915,1
334,1094,1
334,291,1
334,302,1
334,1540,1
334,286,1
334,1542,1
334,273,1
334,989,1
334,1176,1
334,273,1
334,582,1
334,915,1
334,286,1
334,1539,1
334,989,1
334,1538,1
334,1538,1
334,1539,1
334,286,1
334,273,1
334,300,1
334,1176,1
334,1540,1
334,1541,1
334,288,1
334,293,1
334,1540,1
334,1176,1
334,915,1
334,286,1
334,1538,1
334,293,1
334,1541,1
334,1176,1
334,989,1
334,1542,1
334,273,1
335,1543,1
335,711,1
335,1544,1
335,672,1
335,169,1
335,163,1
335,262,1
335,324,1
335,683,1
335,210,1
335,688,1
335,1545,1
335,703,1
335,688,1
335,676,1
335,698,1
335,100,1
335,423,1
335,696,1
335,700,1
335,179,1
335,181,1
335,177,1
335,165,1
335,398,1
335,856,1
335,103,1
335,706,1
335,1546,1
335,673,1
335,1545,1
335,1547,1
335,684,1
335,844,1
335,1548,1
335,710,1
335,676,1
335,674,1
335,698,1
335,323,1
335,705,1
335,129,1
335,688,1
335,687,1
335,685,1
335,699,1
335,706,1
335,709,1
335,678,1
335,771,1
335,670,1
335,1549,1
335,1546,1
335,1543,1
335,1550,1
335,686,1
335,671,1
335,670,1
335,677,1
335,700,1
335,686,1
335,90,1
335,183,1
335,1551,1
335,134,1
335,161,1
335,699,1
335,90,1
335,1550,1
335,185,1
335,695,1
335,176,1
335,691,1
335,1130,1
335,321,1
335,681,1
335,704,1
335,690,1
335,709,1
335,680,1
335,685,1
335,690,1
335,708,1
335,173,1
335,168,1
335,671,1
335,695,1
335,669,1
335,108,1
335,691,1
335,680,1
335,180,1
335,694,1
335,108,1
335,171,1
335,175,1
335,692,1
335,93,1
335,689,1
335,124,1
335,506,1
335,675,1
335,682,1
335,694,1
336,439,1
336,350,1
336,352,1
336,314,1
336,352,1
336,350,1
336,441,1
336,381,1
336,222,1
336,154,1
336,82,1
336,264,1
336,11,1
336,264,1
336,88,1
336,505,1
336,227,1
336,55,1
336,154,1
336,441,1
336,622,1
336,159,1
336,311,1
336,11,1
336,82,1
336,381,1
336,222,1
336,218,1
336,622,1
336,159,1
336,74,1
336,20,1
336,76,1
337,197,1
337,197,1
337,197,1
337,197,1
337,197,1
337,1011,1
337,1011,1
337,1011,1
337,1011,1
337,1011,1
337,1011,1
337,1011,1
337,178,1
337,1011,1
337,1011,1
337,1011,1
337,1011,1
337,1011,1
337,1011,1
337,93,1
337,93,1
337,93,1
337,93,1
337,93,1
337,93,1
337,93,1
337,181,1
337,178,1
337,790,1
337,164,1
337,178,1
337,760,1
337,181,1
337,202,1
337,199,1
337,174,1
337,197,1
337,198,1
337,205,1
337,760,1
337,844,1
337,180,1
337,1011,1
337,321,1
337,771,1
337,321,1
337,856,1
337,181,1
337,178,1
337,324,1
337,175,1
337,790,1
337,324,1
337,161,1
337,175,1
337,174,1
337,174,1
337,93,1
337,760,1
337,164,1
337,771,1
337,760,1
337,1130,1
337,203,2
337,199,2
337,195,2
337,205,2
337,200,2
337,206,2
337,196,2
337,201,2
337,197,2
337,198,2
337,202,2
337,204,2
337,202,1
337,202,1
337,204,1
338,350,1
338,336,1
338,159,1
338,11,1
338,350,1
338,159,1
338,159,1
338,79,1
338,136,1
338,350,1
338,193,1
338,11,1
338,79,1
338,193,1
338,193,1
338,193,1
338,9,1
338,9,1
338,9,1
339,1552,1
339,1552,1
339,1552,1
339,1552,1
339,1552,1
339,1552,1
339,1552,1
339,1552,1
339,499,1
339,1552,1
339,1552,1
339,1552,1
339,1552,1
339,258,1
339,1552,1
339,1552,1
339,1552,1
339,258,1
339,1552,1
339,222,1
339,1552,1
339,1552,1
339,1552,1
339,1552,1
339,1552,1
339,1552,1
340,662,1
340,93,1
340,168,1
340,134,1
340,1081,1
340,137,1
340,168,1
340,1467,1
340,1553,1
340,171,1
340,137,1
340,427,1
340,168,1
340,137,1
340,1467,1
340,1467,1
340,20,1
340,1415,1
340,1415,2
341,1378,1
341,1554,1
341,1555,1
341,1556,1
341,1557,1
341,1127,1
341,1558,1
341,1559,1
341,1368,1
341,592,1
341,1560,1
341,1561,1
341,1562,1
341,1563,1
341,1564,1
341,926,1
341,1187,1
341,1561,1
341,1564,1
341,1559,1
341,592,1
341,1368,1
341,926,1
342,1565,1
342,1566,1
342,1567,1
342,1568,1
342,130,1
342,762,1
342,507,1
342,1569,1
342,1570,1
342,1571,1
342,868,1
342,1567,1
342,1566,1
342,1565,1
342,130,1
342,1568,1
342,762,1
342,765,1
342,1,1
342,859,1
342,208,1
342,858,1
342,332,1
342,88,1
342,130,1
342,761,1
342,1568,1
342,130,1
342,82,1
342,1570,1
342,1571,1
342,868,1
342,876,1
342,875,1
342,762,1
342,507,1
342,1569,1
342,860,1
342,877,1
342,566,1
342,868,1
343,159,1
343,215,1
343,1572,1
343,482,1
343,86,1
343,1573,1
343,584,1
343,1509,1
343,1574,1
343,1573,1
343,1572,1
343,1020,1
343,1391,1
343,1390,1
343,1575,1
343,466,1
343,447,1
343,1287,1
343,781,1
343,482,1
343,584,1
343,86,1
343,21,1
343,445,1
343,215,1
343,500,1
343,1196,1
343,585,1
343,1572,1
343,159,1
343,21,1
343,466,1
343,215,1
343,86,1
343,231,1
343,159,1
344,789,1
344,789,1
344,789,1
344,1576,1
344,789,1
344,789,1
344,789,1
344,585,1
344,789,1
344,789,1
344,789,1
344,789,1
344,789,1
344,789,1
344,441,1
344,327,1
344,76,1
344,585,1
344,381,1
344,1019,1
344,789,1
344,1576,1
344,789,1
344,222,1
344,213,1
344,1577,1
344,73,1
344,213,1
344,213,1
344,213,1
344,789,1
344,789,1
344,1576,1
344,789,1
344,1019,1
344,789,1
344,1576,1
344,585,1
344,789,1
344,789,1
345,937,1
345,937,1
345,937,1
345,937,1
345,937,1
345,11,1
345,937,1
345,937,1
345,937,1
345,937,1
345,937,1
345,937,1
345,937,1
345,937,1
345,937,1
345,937,1
345,937,1
345,937,1
345,937,1
345,937,1
345,937,1
345,937,1
345,937,1
345,937,1
345,937,1
345,1169,1
345,1578,1
345,1169,2
345,1579,1
345,1169,1
345,1169,1
346,231,1
346,1580,1
346,1580,1
346,1580,1
346,1580,1
346,1580,1
346,1580,1
346,1580,1
346,1580,1
346,1580,3
346,1580,1
346,1580,1
346,1580,1
346,1580,1
346,1580,1
347,1581,1
347,1582,1
347,1583,1
347,1584,1
347,1585,1
347,1586,1
347,1587,1
347,1588,1
347,1583,1
347,1584,1
347,1581,1
347,1582,1
347,1583,1
347,1589,1
347,1588,1
347,622,1
347,228,1
348,798,1
348,1562,1
348,1590,2
348,350,2
348,1591,2
348,1214,2
348,1592,2
348,259,2
348,1562,2
348,1224,2
348,317,2
348,11,2
348,309,2
348,418,2
348,1593,2
348,798,1
348,798,1
348,1594,1
348,1594,1
348,320,1
348,1595,2
348,1596,2
348,1594,1
348,798,1
348,320,2
349,1597,1
349,1598,1
349,801,1
349,313,1
349,469,1
349,193,1
349,338,1
349,588,1
349,644,1
349,337,1
349,339,1
349,4,1
349,9,1
349,336,1
349,340,1
349,799,1
349,643,1
349,13,1
349,1599,1
349,803,1
349,341,1
349,1510,1
349,1600,1
349,1601,1
349,473,1
349,470,1
349,1602,1
349,1603,1
349,1604,1
349,1605,1
349,1606,1
349,947,1
349,1607,1
349,1503,1
349,1608,1
349,1505,1
349,1609,1
349,136,1
349,79,1
349,11,1
349,12,1
349,335,1
349,350,1
349,10,1
349,471,1
349,475,1
349,498,1
349,476,1
349,1610,1
349,472,1
349,468,1
349,8,1
349,327,1
349,474,1
350,319,1
350,507,1
350,192,1
350,571,1
350,1003,1
350,507,1
350,507,1
350,507,1
350,1003,1
350,571,1
350,319,1
350,507,1
350,192,1
350,571,1
350,1003,1
350,507,2
350,507,1
350,319,1
350,507,1
351,88,1
351,192,1
351,130,1
351,136,1
351,227,1
351,136,1
351,192,1
351,227,1
351,130,1
351,1517,1
351,1611,1
351,74,1
351,88,1
351,588,1
351,9,1
351,109,1
351,1612,1
351,320,1
351,93,1
351,466,1
351,88,1
352,1613,1
352,2,1
352,86,1
352,418,1
352,1165,1
352,231,1
352,215,1
352,159,1
352,215,1
352,1287,1
352,231,1
352,1613,1
352,231,1
352,1287,1
352,159,1
352,482,1
352,418,1
352,2,1
352,231,1
352,86,1
352,231,2
352,1614,1
352,2,1
352,86,1
352,1614,2
352,1614,1
352,2,1
352,482,1
352,2,1
352,1287,1
352,1287,1
352,1614,1
352,1613,1
352,1614,1
352,418,1
352,1287,1
352,482,1
352,482,1
352,418,1
352,86,1
352,2,1
352,482,1
352,482,1
352,418,1
352,402,2
352,159,1
352,402,1
352,1613,1
352,1287,1
352,402,1
352,1613,1
352,418,1
352,402,1
352,428,2
352,86,1
353,134,1
353,1030,1
353,134,1
353,1030,1
353,134,1
353,1030,1
353,1099,1
353,1099,1
353,1099,1
353,1099,1
353,1099,1
353,1099,1
353,134,2
353,1030,2
353,584,2
353,1099,1
353,584,1
353,134,1
353,1099,1
353,1615,1
353,1099,2
353,427,1
353,1099,1
353,154,1
353,584,1
353,1030,1
354,156,1
354,1189,1
354,790,1
354,1285,1
354,1616,1
354,494,1
354,760,1
354,164,1
354,760,1
354,1013,1
354,1012,1
354,495,1
354,1013,1
354,184,1
354,1011,1
354,178,1
354,162,1
354,144,1
354,153,2
354,153,1
354,156,1
354,156,1
354,156,2
354,156,1
355,149,1
355,149,1
355,149,1
355,149,2
355,24,2
355,149,1
355,24,1
355,149,1
355,24,1
355,149,1
355,24,1
355,149,1
355,149,1
355,149,1
355,24,1
355,149,1
355,149,1
355,149,1
355,24,1
355,149,1
355,24,1
355,149,1
355,149,1
356,950,1
356,1080,1
356,10,1
356,1080,1
356,950,1
356,10,1
356,499,1
356,14,1
356,14,1
356,499,1
356,427,1
356,427,1
356,427,1
356,325,1
356,427,1
356,325,1
356,325,1
356,427,1
356,427,1
356,325,1
356,27,1
356,154,1
356,154,1
356,1617,1
356,1179,1
356,950,1
356,227,1
356,27,1
356,1312,1
356,1081,1
356,1617,1
356,1312,1
356,1312,1
356,1312,1
356,154,1
356,27,1
356,68,1
356,1617,1
356,1617,1
356,154,1
356,1312,1
356,154,1
356,27,1
356,68,1
356,27,1
356,1617,1
356,1312,1
356,68,1
356,1312,1
356,1312,1
356,1617,1
356,27,1
356,68,1
356,154,1
356,1617,1
356,154,1
356,1312,1
356,1312,1
356,1617,1
356,154,1
356,68,1
356,27,1
356,154,1
356,27,1
356,20,1
356,351,1
356,215,1
356,949,1
356,623,1
356,623,1
356,1334,1
356,215,1
357,459,2
357,1618,2
357,460,1
357,1619,2
357,1620,2
357,1621,2
357,834,2
357,454,2
357,818,2
357,813,2
357,812,2
357,457,2
357,817,1
357,1619,2
357,1621,2
357,1620,2
357,1622,2
357,1623,2
357,808,1
357,817,1
357,452,1
357,1624,2
357,1625,2
357,1626,2
357,1627,2
357,823,1
357,207,1
357,815,1
357,453,2
357,1628,2
357,1629,2
357,1630,2
357,1631,2
357,1632,2
357,828,2
357,842,2
357,838,2
357,816,2
357,461,2
357,821,2
357,837,1
357,1633,2
357,1634,2
357,1632,2
357,1635,2
357,1636,2
357,1637,1
357,436,1
357,1637,1
357,832,1
357,826,1
357,826,1
357,811,2
357,1638,1
357,452,1
357,841,1
357,1639,2
357,833,2
357,1640,2
357,836,2
357,831,2
357,809,2
357,837,1
357,832,1
357,822,1
357,1641,2
357,1633,2
357,810,2
357,462,2
357,825,1
357,827,1
357,806,2
357,824,2
357,1624,2
357,1642,2
357,1634,2
357,841,1
357,825,1
357,460,1
357,819,2
357,814,2
357,830,2
357,835,2
357,839,1
357,808,1
357,840,2
357,843,2
357,829,2
357,458,2
357,822,1
357,1643,2
357,1638,1
357,455,1
357,455,1
357,460,1
357,827,1
357,821,1
357,808,1
357,812,1
357,811,1
357,836,1
357,825,1
357,835,1
357,826,1
357,823,1
357,823,3
357,805,1
357,816,1
357,821,1
357,810,1
357,816,1
357,811,1
357,806,1
357,461,1
357,805,1
357,819,1
357,453,1
357,828,1
357,454,1
357,838,1
357,838,1
358,1644,1
358,1644,1
358,1644,1
358,137,1
358,1644,1
358,1645,1
358,1645,1
358,1644,1
358,1646,1
358,1647,1
358,1647,1
358,1644,1
358,1648,1
358,1647,1
358,1649,1
358,1645,1
358,1645,1
358,443,1
358,1644,1
358,1644,1
358,1644,1
358,1644,1
358,1644,1
358,1644,1
358,1645,1
358,1645,1
358,1645,1
358,1645,1
358,1649,1
358,1645,1
358,1645,1
358,1648,1
359,6,1
359,1650,2
359,331,2
359,1651,1
359,6,2
359,1652,2
359,1651,2
359,1653,2
359,1653,1
359,331,1
359,1652,1
359,1654,2
359,1655,2
359,1204,1
359,62,2
359,1204,2
359,1656,1
359,1656,2
360,328,1
360,328,1
360,328,1
360,328,1
360,328,1
360,328,1
360,328,1
360,328,1
360,328,1
360,328,1
360,328,1
360,439,1
360,328,1
360,328,1
360,328,1
360,328,1
360,328,1
360,328,1
360,328,1
360,328,2
360,328,1
360,328,1
360,328,1
360,328,1
360,328,1
361,10,1
361,10,1
361,10,1
361,10,1
361,10,1
361,10,1
361,10,1
361,10,1
361,10,1
361,10,1
361,10,1
361,10,1
361,10,1
361,10,1
361,10,1
361,10,1
361,10,1
361,10,1
361,10,1
361,10,1
361,10,1
361,10,1
361,10,1
361,10,1
361,10,1
361,10,1
361,10,1
361,10,1
361,10,1
361,10,1
361,10,1
361,10,1
361,10,1
361,10,1
361,10,1
361,10,1
361,10,1
361,10,1
361,10,1
361,10,1
361,10,1
361,10,1
361,10,1
361,10,1
361,10,1
361,10,1
361,10,1
361,10,1
361,10,1
361,10,1
361,10,1
361,10,1
361,10,1
361,10,1
361,10,1
361,10,1
361,10,1
361,10,1
361,10,1
361,10,1
361,10,1
361,10,1
361,10,1
361,10,1
361,10,1
361,10,1
361,10,1
361,10,1
361,10,1
361,10,1
361,10,1
361,10,1
361,10,2
362,10,1
362,10,1
362,79,1
362,79,1
362,79,1
362,79,1
362,79,1
362,79,1
362,79,1
362,79,1
362,79,1
362,79,1
362,79,1
362,79,1
362,79,1
362,79,1
362,79,1
362,79,1
362,79,1
362,79,1
362,79,1
362,79,1
362,79,1
362,79,1
362,79,1
362,79,1
362,79,1
362,79,1
362,79,1
362,79,1
362,79,1
362,79,1
362,79,1
362,79,1
362,79,1
362,79,1
362,79,1
362,79,1
362,79,1
362,79,1
362,79,1
362,79,1
362,79,1
362,79,1
362,79,1
362,79,1
362,79,1
362,79,1
362,79,1
362,79,1
362,79,1
362,79,1
362,79,1
362,79,1
362,79,1
362,79,1
362,79,1
362,79,1
362,79,1
362,79,1
362,79,1
362,79,1
362,79,1
362,79,1
362,79,1
362,79,1
362,79,1
362,79,1
362,79,1
362,79,1
362,79,1
362,79,1
362,79,1
362,79,1
362,79,1
362,79,1
362,79,1
362,79,1
362,79,1
362,79,1
362,79,1
362,79,1
362,79,1
362,79,1
362,79,1
362,79,1
362,79,1
362,79,1
362,79,1
362,79,1
362,79,1
362,79,1
362,79,1
362,79,1
362,79,1
362,79,1
362,79,1
362,79,1
362,79,1
362,79,1
362,79,1
362,79,1
362,79,1
362,79,1
362,79,1
362,79,1
362,79,1
362,79,1
362,79,1
362,79,1
362,79,1
362,79,1
362,79,1
362,79,1
362,79,1
362,79,1
362,79,1
362,79,1
362,79,1
362,79,1
362,79,1
362,79,1
362,79,1
362,79,1
362,79,1
362,79,1
362,79,1
362,79,1
362,334,1
362,102,1
363,1320,1
363,1332,1
363,1317,1
363,1323,1
363,597,1
363,1325,1
363,602,1
363,601,1
363,1326,1
363,1327,1
363,1333,1
363,1258,1
363,1318,1
363,1315,1
363,600,1
363,1330,1
363,1329,1
363,1331,1
363,599,1
363,424,1
363,596,1
363,145,1
363,607,1
363,1315,1
363,1316,1
363,1321,1
363,1328,1
363,598,1
363,1162,1
363,156,1
363,1259,1
364,261,2
364,228,2
364,76,2
364,109,2
364,382,2
364,220,2
364,219,2
364,398,2
364,1066,2
364,252,2
364,382,2
364,220,2
364,252,2
364,220,2
364,382,2
364,252,2
364,261,2
364,228,2
364,76,2
364,109,2
364,219,2
364,398,2
364,1066,2
364,261,2
364,228,2
364,76,2
364,109,2
364,398,2
364,1066,2
364,219,2
364,261,2
364,228,2
364,76,2
364,109,2
364,219,2
364,398,2
364,252,2
364,1066,2
364,220,2
364,382,2
364,382,1
365,441,1
365,74,1
365,1657,1
365,1658,1
365,393,1
365,1410,1
365,1659,1
365,1660,1
365,1661,1
365,1662,1
365,1410,1
365,1658,1
365,845,1
365,439,1
365,441,1
365,1663,1
365,1664,1
365,1665,1
365,497,1
365,583,1
365,1666,1
365,1667,1
365,1668,1
365,1669,1
365,1670,1
365,1671,1
365,1658,1
365,1410,1
365,1672,1
365,1673,1
365,1674,1
365,1675,1
365,1676,1
365,1677,1
365,1678,1
365,1679,1
365,1680,1
365,1681,1
365,439,1
365,1682,1
365,1678,1
365,1682,1
365,786,2
365,1660,1
365,439,1
365,1659,1
365,393,1
365,847,1
365,441,1
365,1657,1
365,1410,1
365,1658,1
366,1683,1
366,911,1
366,911,1
366,911,1
366,911,2
366,911,1
366,911,1
366,911,1
366,911,1
366,911,1
366,911,1
366,911,1
366,911,1
366,911,1
366,911,1
366,911,1
366,911,1
366,911,1
366,1683,1
366,911,1
366,911,1
366,24,1
366,911,1
366,911,1
366,911,1
366,911,1
366,911,1
366,1683,1
366,1131,1
366,1131,1
366,1131,1
366,1131,1
366,911,1
366,911,1
366,911,1
366,911,1
366,911,1
366,911,1
366,911,1
366,911,1
366,911,1
366,911,1
366,911,1
366,911,1
366,911,1
366,24,1
366,911,1
366,24,1
366,1131,1
366,25,1
366,1131,1
366,1131,1
366,1131,1
366,1131,1
366,911,1
367,1684,1
367,1685,1
367,219,1
367,1684,1
367,1685,1
367,845,1
367,219,3
367,219,1
367,1684,1
367,1685,1
367,845,1
367,845,3
367,972,1
367,1684,1
367,1685,1
367,29,1
367,1684,1
367,1685,1
367,1685,1
367,1684,1
367,1684,1
367,1685,1
367,1685,1
367,1684,1
367,1685,1
367,29,1
367,29,3
367,1684,1
367,1685,1
367,1685,1
367,1684,1
368,45,1
368,45,1
368,45,1
368,45,1
368,45,1
368,45,1
368,45,1
368,45,1
368,45,1
368,45,1
368,45,1
368,45,1
368,1022,1
368,45,1
368,45,1
368,45,1
368,45,1
368,45,1
368,1686,1
368,35,1
368,1024,1
368,1024,1
368,1024,1
368,1022,1
369,55,1
369,55,1
369,55,1
369,55,1
369,55,1
369,55,1
369,55,1
369,55,1
369,55,1
369,55,1
369,55,1
369,55,1
369,55,1
369,55,1
369,55,1
369,55,1
369,55,1
369,55,1
369,55,1
369,55,1
369,55,1
369,55,1
369,55,1
369,55,1
369,55,1
369,55,1
369,55,1
369,55,1
369,55,1
369,55,1
369,55,1
369,55,1
369,55,1
369,55,1
369,55,1
369,55,1
369,55,1
369,55,1
369,55,1
369,55,1
369,55,1
369,55,1
369,55,1
369,55,1
369,55,1
369,55,1
369,55,1
369,55,1
369,55,1
369,55,1
369,55,1
369,55,1
369,55,1
369,55,1
369,55,1
369,55,1
369,55,1
369,55,1
369,55,1
369,55,1
369,55,1
369,55,1
369,55,1
369,55,1
369,55,1
369,55,1
369,55,1
369,55,1
369,55,1
369,55,1
369,55,1
369,55,1
369,55,1
369,55,1
369,55,1
369,55,1
369,55,1
369,55,1
369,55,1
369,55,1
369,55,1
369,55,1
369,55,1
369,55,1
369,55,1
369,55,1
369,55,1
369,55,1
369,55,1
369,55,1
369,55,1
369,55,1
369,55,1
369,55,1
369,55,1
369,55,1
369,55,1
369,55,1
369,55,1
369,55,1
369,55,1
369,55,1
369,55,1
369,55,1
370,110,1
370,102,1
370,102,1
370,102,1
370,102,1
370,102,1
370,102,1
370,110,1
370,102,1
370,590,1
370,102,1
370,102,1
370,102,3
370,102,1
370,102,1
370,102,1
370,102,1
370,110,1
370,102,1
371,1687,1
371,70,1
371,1688,1
371,70,1
371,1048,1
371,1689,1
371,1690,1
371,1691,1
371,69,1
371,1692,1
371,1693,1
371,1691,1
371,1694,1
371,1691,1
371,70,1
371,1693,1
371,1691,1
371,1693,1
371,70,1
371,70,1
371,1691,1
371,1687,1
371,1688,1
371,1690,1
371,1687,1
371,1048,1
371,69,1
371,1690,1
371,1048,1
371,1688,1
371,1693,1
371,1691,1
371,1693,1
371,1687,1
371,1692,1
372,93,1
372,93,1
372,93,1
372,93,1
372,93,1
372,93,1
372,93,1
372,93,1
372,93,1
372,93,1
372,93,1
372,93,1
372,93,1
372,93,1
372,93,1
372,93,1
372,93,1
372,93,1
372,93,1
372,93,1
372,93,1
372,93,1
372,93,1
372,93,1
372,93,1
372,93,1
372,93,1
372,93,1
372,93,1
372,93,1
372,93,1
372,93,1
372,93,1
372,93,1
372,93,1
372,93,1
372,93,1
372,93,1
372,93,1
372,93,1
372,93,1
372,93,1
372,93,1
372,93,1
372,93,1
372,93,1
372,93,1
372,93,1
372,93,1
372,93,1
372,93,1
372,93,1
372,93,1
372,93,1
372,93,1
372,93,1
372,93,1
372,93,1
372,93,1
372,93,1
372,93,1
372,93,1
372,93,1
372,93,1
372,93,1
372,93,1
372,93,1
372,93,1
372,93,1
372,93,1
372,93,2
372,93,1
372,93,1
372,93,1
372,93,1
372,93,1
372,93,1
372,93,1
372,93,1
372,93,1
372,93,1
372,93,1
372,93,1
372,93,1
372,93,1
372,93,1
372,93,1
372,93,1
372,93,1
372,93,1
372,93,1
372,93,1
372,93,1
372,93,1
372,93,1
372,93,1
372,93,1
372,93,1
372,93,1
372,93,1
372,93,1
372,93,1
372,93,1
372,93,1
372,93,1
372,93,1
372,93,1
372,93,1
372,93,1
372,93,1
372,93,1
372,93,1
372,93,1
372,93,1
372,93,1
372,93,1
372,93,1
372,93,1
372,93,1
372,93,1
372,93,1
372,93,1
372,93,1
372,93,1
372,93,1
372,93,1
372,93,1
372,93,1
372,93,1
372,93,1
372,93,1
372,93,1
372,93,1
372,93,1
372,93,1
372,93,1
372,93,1
372,93,1
372,93,1
372,93,1
372,93,1
372,202,1
372,198,1
372,197,1
372,93,1
372,93,1
372,93,1
372,93,1
372,93,1
372,93,1
372,93,1
372,93,1
372,93,1
372,93,1
372,93,1
372,93,1
372,93,1
372,93,1
372,93,1
372,93,1
372,93,1
372,93,1
372,93,1
372,93,1
372,93,1
372,93,1
372,93,1
372,93,1
372,93,1
372,93,1
372,93,1
372,93,1
372,93,1
372,93,1
372,93,1
373,838,1
373,810,1
373,826,1
373,207,1
373,462,1
373,838,1
373,810,1
373,832,1
373,832,1
373,826,1
373,207,1
373,835,1
373,832,1
373,826,1
373,832,1
373,826,1
373,832,1
373,207,1
373,462,1
373,832,1
373,832,1
373,826,1
373,207,1
373,835,1
373,207,1
373,832,1
373,838,1
373,207,1
373,462,1
373,838,1
373,838,1
373,832,1
373,207,1
374,11,1
374,26,1
374,26,1
374,26,1
374,26,1
374,26,1
374,26,1
374,26,1
374,26,1
374,26,1
374,26,1
374,26,1
374,26,1
374,26,1
374,26,1
374,26,1
374,26,2
374,26,3
374,26,1
374,26,1
374,26,1
374,26,1
375,1695,1
375,398,1
375,100,1
375,709,1
375,1153,1
375,90,1
375,1696,1
375,1697,1
375,1698,1
375,100,1
375,1699,1
375,1699,1
375,398,1
375,1697,1
375,1154,1
375,1695,1
375,1699,1
375,709,1
375,1154,1
375,703,1
375,703,1
375,1698,1
375,1153,1
375,1697,1
375,1154,1
375,1699,1
375,1697,1
375,1695,1
375,1699,1
375,1696,1
375,1700,1
375,727,1
375,1700,1
375,1696,1
375,727,1
375,709,1
375,1698,1
375,1153,1
375,1696,1
375,1154,1
375,1700,1
375,703,1
375,398,1
375,1700,1
375,1696,1
375,90,1
375,727,1
375,100,1
375,1698,1
376,27,1
376,27,1
376,439,1
376,439,1
376,439,1
376,439,1
376,439,1
376,439,1
376,439,1
376,439,1
376,439,1
376,439,1
376,439,1
376,439,1
376,439,1
376,439,1
376,439,1
376,439,1
376,439,1
376,439,1
376,439,2
377,86,1
377,1701,1
377,1702,1
377,1702,1
377,86,1
377,1572,1
377,1703,1
377,603,1
377,86,1
377,252,1
377,1572,1
377,1394,1
377,428,1
377,912,1
377,2,1
377,466,1
377,1572,1
377,1704,1
377,1572,1
377,248,1
377,1705,1
377,1477,1
377,1704,1
377,1703,1
377,1703,1
377,1703,1
377,1702,1
377,1267,1
378,290,1
378,290,1
378,290,1
378,290,1
378,290,1
378,290,1
378,290,1
378,219,1
378,290,1
378,290,1
378,290,1
378,290,1
378,290,1
378,290,1
378,290,1
378,219,1
378,219,1
378,290,1
378,290,1
378,290,1
378,290,1
378,219,1
378,290,1
378,290,1
378,290,1
378,290,1
378,290,1
378,219,1
378,290,1
378,290,1
378,290,1
378,290,1
378,290,1
378,290,1
378,219,1
378,290,1
378,290,1
378,290,1
378,290,1
378,290,1
378,290,1
378,290,1
378,290,1
378,290,1
378,290,1
378,290,1
378,219,1
378,290,1
378,290,1
378,290,1
378,219,1
378,290,1
378,290,1
378,219,1
378,290,1
378,290,1
378,290,1
378,290,1
378,290,1
378,219,1
378,219,1
378,290,1
378,290,1
378,290,1
378,290,1
378,219,1
378,290,1
378,290,1
378,290,1
378,219,1
378,290,1
378,290,1
378,290,1
378,290,1
378,290,1
378,290,1
378,290,1
378,290,1
378,290,1
378,290,1
378,290,1
378,290,1
378,290,1
378,290,1
378,290,1
378,290,1
